{"training/timesteps": 7946240, "training/loop": 59, "evaluation/mean_return": 747.8756713867188, "evaluation/best_return": 2563.752685546875, "evaluation/return_std": 15.661502838134766, "losses/critic_loss": 4.218860626220703, "losses/actor_loss_mean": -197.15631103515625, "losses/alpha_loss_mean": -0.00013019150355830789, "temperature/alpha_mean": 0.05735905468463898, "performance/timesteps_per_second": 5822.5448170277095, "performance/loop_time": 22.51111912727356, "performance/total_time": 1370.3412096500397, "training/replay_buffer_size": 1000000, "training/training_steps": 2334720, "_timestamp": 1753693660.6977103, "_runtime": 1371.5120782852173, "_step": 180, "losses/agent_0_actor_loss": -197.16033935546875, "losses/agent_0_alpha_loss": -0.00011104254372185096, "temperature/agent_0_alpha": 0.054699063301086426, "losses/agent_1_actor_loss": -197.1522979736328, "losses/agent_1_alpha_loss": -0.00014934048522263765, "temperature/agent_1_alpha": 0.06001904979348183, "final/best_return": 2563.752685546875, "final/total_time": 1370.3412096500397, "final/final_return": 747.8756713867188, "_wandb": {"runtime": 1370}}