{"training/timesteps": 2834432, "training/loop": 20, "evaluation/mean_return": 4376.38427734375, "evaluation/best_return": 4708.37890625, "evaluation/return_std": 1280.0074462890625, "losses/critic_loss": 32.45813751220703, "losses/actor_loss_mean": -138.052978515625, "losses/alpha_loss_mean": -6.582982314284891e-05, "temperature/alpha": 0.13897770643234253, "performance/timesteps_per_second": 2764.200127320301, "performance/loop_time": 47.41769552230835, "performance/total_time": 1028.8692681789398, "training/replay_buffer_size": 1000000, "training/training_steps": 817152, "_timestamp": 1754796162.186165, "_runtime": 1031.4020071029663, "_step": 104, "losses/agent_0_actor_loss": -138.0186004638672, "losses/agent_1_actor_loss": -138.08631896972656, "losses/agent_2_actor_loss": -138.04823303222656, "losses/agent_3_actor_loss": -138.05877685546875}