{"training/timesteps": 7946240, "training/loop": 59, "evaluation/mean_return": 5529.64697265625, "evaluation/best_return": 6460.32568359375, "evaluation/return_std": 1660.5706787109375, "losses/critic_loss": 425.886474609375, "losses/actor_loss_mean": -378.93206787109375, "performance/timesteps_per_second": 2396.3077865985188, "performance/loop_time": 54.69748115539551, "performance/total_time": 3310.197956800461, "training/replay_buffer_size": 1000000, "training/training_steps": 2334720, "_timestamp": 1754806832.928665, "_runtime": 3312.793128013611, "_step": 300, "losses/agent_0_loss": -378.93206787109375, "losses/agent_1_loss": -378.93206787109375, "losses/agent_2_loss": -378.93206787109375, "losses/agent_3_loss": -378.93206787109375, "final/best_return": 6460.32568359375, "final/total_time": 3310.197956800461, "final/final_return": 5529.64697265625, "_wandb": {"runtime": 3311}}