{"training/timesteps": 7946240, "training/loop": 59, "evaluation/mean_return": 462.18243408203125, "evaluation/best_return": 1214.941650390625, "evaluation/return_std": 1.5769528150558472, "losses/critic_loss": 1.2481483221054077, "losses/actor_loss_mean": -50.0931282043457, "losses/alpha_loss_mean": 9.76405426627025e-05, "temperature/alpha": 0.036385223269462585, "performance/timesteps_per_second": 6563.810727657019, "performance/loop_time": 19.96888780593872, "performance/total_time": 1242.8291709423065, "training/replay_buffer_size": 1000000, "training/training_steps": 2334720, "_timestamp": 1754800494.417999, "_runtime": 1245.6344909667969, "_step": 180, "losses/agent_0_actor_loss": -50.08975601196289, "losses/agent_1_actor_loss": -50.096492767333984, "final/best_return": 1214.941650390625, "final/total_time": 1242.8291709423065, "final/final_return": 462.18243408203125, "_wandb": {"runtime": 1244}}