{"training/timesteps": 7946240, "training/loop": 59, "evaluation/mean_return": 616.8341674804688, "evaluation/best_return": 894.4115600585938, "evaluation/return_std": 1.1792588233947754, "losses/critic_loss": 0.42083078622817993, "losses/actor_loss_mean": -40.60900115966797, "losses/alpha_loss_mean": 4.735612674267031e-05, "temperature/alpha_mean": 0.03842496871948242, "performance/timesteps_per_second": 7402.465637781279, "performance/loop_time": 17.7065327167511, "performance/total_time": 1100.0603370666504, "training/replay_buffer_size": 1000000, "training/training_steps": 2334720, "_timestamp": 1754323295.9749436, "_runtime": 1101.120192527771, "_step": 180, "losses/agent_0_actor_loss": -40.60780715942383, "losses/agent_0_alpha_loss": 8.022614929359406e-05, "temperature/agent_0_alpha": 0.04669025167822838, "losses/agent_1_actor_loss": -40.610191345214844, "losses/agent_1_alpha_loss": 1.4486086911347229e-05, "temperature/agent_1_alpha": 0.030159680172801018, "final/best_return": 894.4115600585938, "final/total_time": 1100.0603370666504, "final/final_return": 616.8341674804688, "_wandb": {"runtime": 1100}}