{"training/timesteps": 868352, "training/loop": 5, "evaluation/mean_return": 362.3270263671875, "evaluation/best_return": 368.8620300292969, "evaluation/return_std": 4.169036388397217, "losses/critic_loss": 0.8663369417190552, "losses/actor_loss_mean": -30.28777503967285, "losses/alpha_loss_mean": 8.034072379814461e-05, "temperature/alpha": 0.029459530487656593, "performance/timesteps_per_second": 6790.794538126909, "performance/loop_time": 19.30142331123352, "performance/total_time": 147.71288561820984, "training/replay_buffer_size": 868352, "training/training_steps": 233472, "_timestamp": 1754749087.2702882, "_runtime": 150.33472728729248, "_step": 17, "losses/agent_0_actor_loss": -30.28611946105957, "losses/agent_1_actor_loss": -30.2894287109375}