{"training/timesteps": 7946240, "training/loop": 59, "evaluation/mean_return": 668.3352661132812, "evaluation/best_return": 780.0065307617188, "evaluation/return_std": 15.977717399597168, "losses/critic_loss": 0.9444347023963928, "losses/actor_loss_mean": -181.23214721679688, "performance/timesteps_per_second": 5848.037954157441, "performance/loop_time": 22.412987232208252, "performance/total_time": 1352.056529045105, "training/replay_buffer_size": 1000000, "training/training_steps": 2334720, "_timestamp": 1753244184.2903492, "_runtime": 1353.5475821495056, "_step": 180, "losses/agent_0_loss": -181.22970581054688, "losses/agent_1_loss": -181.23455810546875, "final/best_return": 780.0065307617188, "final/total_time": 1352.056529045105, "final/final_return": 668.3352661132812, "_wandb": {"runtime": 1352}}