{"training/timesteps": 2965504, "training/loop": 21, "evaluation/mean_return": 478.5467834472656, "evaluation/best_return": 992.7880859375, "evaluation/return_std": 4.373195171356201, "losses/critic_loss": 0.37745803594589233, "losses/actor_loss_mean": -38.49198913574219, "losses/alpha_loss": 3.686412310344167e-05, "temperature/alpha_mean": 0.0017774839652702212, "performance/timesteps_per_second": 7243.424241151788, "performance/loop_time": 18.095309019088745, "performance/total_time": 413.7386884689331, "training/replay_buffer_size": 1000000, "training/training_steps": 1441792, "_timestamp": 1754402129.2078578, "_runtime": 414.8550798892975, "_step": 65, "losses/agent_0_actor_loss": -38.48950958251953, "losses/agent_1_actor_loss": -38.494468688964844}