{"error": "name 'alpha_params' is not defined", "_timestamp": 1754292035.5405893, "_runtime": 3.201223373413086, "_step": 0, "_wandb": {"runtime": 1}}