{"training/timesteps": 3751936, "training/loop": 27, "evaluation/mean_return": 571.4618530273438, "evaluation/best_return": 578.9440307617188, "evaluation/return_std": 6.314278602600098, "losses/critic_loss": 8.719709396362305, "losses/actor_loss_mean": -199.6783905029297, "losses/alpha_loss_mean": 9.318182492279448e-06, "temperature/alpha": 0.0009329615859314799, "performance/timesteps_per_second": 7277.604534293504, "performance/loop_time": 18.010321855545044, "performance/total_time": 532.6992540359497, "training/replay_buffer_size": 1000000, "training/training_steps": 1089536, "_timestamp": 1754492414.6271458, "_runtime": 533.7002217769623, "_step": 83, "losses/agent_0_actor_loss": -199.70680236816406, "losses/agent_1_actor_loss": -199.6499786376953}