{"training/timesteps": 475136, "training/loop": 2, "evaluation/mean_return": 258.28204345703125, "evaluation/best_return": 276.9620056152344, "evaluation/return_std": 5.403689384460449, "losses/critic_loss": 4.237182140350342, "losses/actor_loss_mean": -19.852195739746094, "losses/alpha_loss_mean": 0.022695843130350113, "temperature/alpha": 0.07773371785879135, "performance/timesteps_per_second": 7100.65855425921, "performance/loop_time": 18.45913290977478, "performance/total_time": 77.26439046859741, "training/replay_buffer_size": 475136, "training/training_steps": 116736, "agent/actor_std_mean": 0.6791766881942749, "_timestamp": 1754703668.82334, "_runtime": 78.34499382972717, "_step": 8, "losses/agent_0_actor_loss": -19.81346321105957, "agent/agent_0_std": 0.7039710283279419, "losses/agent_1_actor_loss": -19.890926361083984, "agent/agent_1_std": 0.6543824076652527, "_wandb": {"runtime": 94}}