{"training/timesteps": 7946240, "training/loop": 59, "evaluation/mean_return": 643.8012084960938, "evaluation/best_return": 773.7811279296875, "evaluation/return_std": 3.5950021743774414, "losses/critic_loss": 0.14492514729499817, "losses/actor_loss_mean": -42.69585418701172, "losses/alpha_loss_mean": -4.7020130296004936e-05, "temperature/alpha": 0.02384079247713089, "performance/timesteps_per_second": 6848.115546685978, "performance/loop_time": 19.139863967895508, "performance/total_time": 1188.2305448055267, "training/replay_buffer_size": 1000000, "training/training_steps": 2334720, "_timestamp": 1754673164.2454197, "_runtime": 1189.3342838287354, "_step": 180, "losses/agent_0_actor_loss": -42.69699478149414, "losses/agent_1_actor_loss": -42.69472122192383, "final/best_return": 773.7811279296875, "final/total_time": 1188.2305448055267, "final/final_return": 643.8012084960938, "_wandb": {"runtime": 1188}}