{"training/timesteps": 606208, "training/loop": 3, "evaluation/mean_return": 326.0352478027344, "evaluation/best_return": 326.0352478027344, "evaluation/return_std": 3.0060431957244873, "losses/critic_loss": 1.4068766832351685, "losses/actor_loss_mean": -25.611289978027344, "losses/alpha_loss_mean": 0.0, "temperature/alpha": 0.10000000894069672, "performance/timesteps_per_second": 7083.994839220983, "performance/loop_time": 18.502554416656494, "performance/total_time": 100.43348383903503, "training/replay_buffer_size": 606208, "training/training_steps": 155648, "_timestamp": 1754665090.2377133, "_runtime": 101.4955244064331, "_step": 11, "losses/agent_0_actor_loss": -25.615121841430664, "losses/agent_1_actor_loss": -25.607458114624023}