{"training/timesteps": 7946240, "training/loop": 59, "evaluation/mean_return": 661.65625, "evaluation/best_return": 1075.5277099609375, "evaluation/return_std": 2.0202746391296387, "losses/critic_loss": 0.3340691924095154, "losses/actor_loss_mean": -43.66936492919922, "losses/alpha_loss_mean": -9.187382602249272e-06, "temperature/alpha_mean": 0.020397594198584557, "performance/timesteps_per_second": 7138.511192372486, "performance/loop_time": 18.36125159263611, "performance/total_time": 1122.5208179950714, "training/replay_buffer_size": 1000000, "training/training_steps": 2334720, "_timestamp": 1754293918.9269748, "_runtime": 1125.1268718242645, "_step": 180, "losses/agent_0_actor_loss": -43.66843032836914, "losses/agent_0_alpha_loss": -1.597904702066444e-05, "temperature/agent_0_alpha": 0.0228771660476923, "losses/agent_1_actor_loss": -43.67030715942383, "losses/agent_1_alpha_loss": -2.3957102257554652e-06, "temperature/agent_1_alpha": 0.017918024212121964, "final/best_return": 1075.5277099609375, "final/total_time": 1122.5208179950714, "final/final_return": 661.65625, "_wandb": {"runtime": 1123}}