{"training/timesteps": 1392640, "training/loop": 9, "evaluation/mean_return": 529.3112182617188, "evaluation/best_return": 673.2514038085938, "evaluation/return_std": 33.32670593261719, "losses/critic_loss": 3.2315709590911865, "losses/actor_loss_mean": -160.0110321044922, "performance/timesteps_per_second": 5959.443366753849, "performance/loop_time": 21.99400043487549, "performance/total_time": 242.0119547843933, "training/replay_buffer_size": 1000000, "training/training_steps": 389120, "_timestamp": 1753241696.4093082, "_runtime": 244.24281930923462, "_step": 29, "losses/agent_0_loss": -159.99000549316406, "losses/agent_1_loss": -160.03208923339844}