{"training/timesteps": 2506752, "training/loop": 36, "evaluation/mean_return": 696.7025756835938, "evaluation/best_return": 746.3956298828125, "evaluation/return_std": 2.400130033493042, "losses/critic_loss": 0.4732929468154907, "losses/actor_loss_mean": -40.00391387939453, "losses/alpha_loss_mean": -2.111509456881322e-05, "temperature/alpha": 0.0004541905946098268, "performance/timesteps_per_second": 3419.038782118366, "performance/loop_time": 19.16796040534973, "performance/total_time": 735.6191971302032, "training/replay_buffer_size": 1000000, "training/training_steps": 2424832, "_timestamp": 1754743359.1247787, "_runtime": 738.2971186637878, "_step": 110, "losses/agent_0_actor_loss": -40.00187683105469, "losses/agent_1_actor_loss": -40.005950927734375}