{"training/timesteps": 2310144, "training/loop": 16, "evaluation/mean_return": 451.8927917480469, "evaluation/best_return": 485.69097900390625, "evaluation/return_std": 2.2376468181610107, "losses/critic_loss": 5.048338890075684, "losses/actor_loss_mean": -36.0279655456543, "losses/alpha_loss_mean": 0.00021808239398524165, "temperature/alpha": 0.06393209099769592, "performance/timesteps_per_second": 7027.496746204348, "performance/loop_time": 18.651307106018066, "performance/total_time": 344.0342152118683, "training/replay_buffer_size": 1000000, "training/training_steps": 661504, "_timestamp": 1754665554.6172323, "_runtime": 345.19914627075195, "_step": 50, "losses/agent_0_actor_loss": -35.9720573425293, "losses/agent_1_actor_loss": -36.083866119384766}