{"training/timesteps": 7946240, "training/loop": 59, "evaluation/mean_return": 690.3136596679688, "evaluation/best_return": 706.2797241210938, "evaluation/return_std": 4.782070636749268, "losses/critic_loss": 0.1998363584280014, "losses/actor_loss_mean": -40.34524154663086, "losses/alpha_loss_mean": -6.737257353961468e-05, "temperature/alpha": 0.017333924770355225, "performance/timesteps_per_second": 9628.978223711472, "performance/loop_time": 13.612243890762329, "performance/total_time": 845.4878947734833, "training/replay_buffer_size": 1000000, "training/training_steps": 2334720, "_timestamp": 1754740087.3761566, "_runtime": 848.1487135887146, "_step": 180, "losses/agent_0_actor_loss": -40.344818115234375, "losses/agent_1_actor_loss": -40.34566116333008, "final/best_return": 706.2797241210938, "final/total_time": 845.4878947734833, "final/final_return": 690.3136596679688, "_wandb": {"runtime": 846}}