{"training/timesteps": 2310144, "training/loop": 16, "evaluation/mean_return": 364.1589050292969, "evaluation/best_return": 376.65509033203125, "evaluation/return_std": 1.381018877029419, "losses/critic_loss": 0.11751817166805267, "losses/actor_loss_mean": -31.42690658569336, "losses/alpha_loss_mean": -1.623176285647787e-05, "temperature/alpha": 0.00911287683993578, "performance/timesteps_per_second": 6962.971730811054, "performance/loop_time": 18.824146509170532, "performance/total_time": 341.92177867889404, "training/replay_buffer_size": 1000000, "training/training_steps": 661504, "agent/actor_std_mean": 0.6200177669525146, "_timestamp": 1754704756.2362483, "_runtime": 342.9312791824341, "_step": 50, "losses/agent_0_actor_loss": -31.426898956298828, "agent/agent_0_std": 0.6449164748191833, "losses/agent_1_actor_loss": -31.426918029785156, "agent/agent_1_std": 0.595119059085846}