{"training/timesteps": 344064, "training/loop": 1, "evaluation/mean_return": 949.7320556640625, "evaluation/best_return": 949.7320556640625, "evaluation/return_std": 0.5962640643119812, "losses/critic_loss": 1.184326171875, "losses/actor_loss_mean": -15.385490417480469, "losses/alpha_loss_mean": 0.012647124007344246, "temperature/alpha": 0.030542299151420593, "performance/timesteps_per_second": 2349.312868777591, "performance/loop_time": 55.791632413864136, "performance/total_time": 127.88035488128662, "training/replay_buffer_size": 344064, "training/training_steps": 77824, "_timestamp": 1754807159.0427282, "_runtime": 130.5141851902008, "_step": 9, "losses/agent_0_actor_loss": -15.385186195373535, "losses/agent_1_actor_loss": -15.385141372680664, "losses/agent_2_actor_loss": -15.385629653930664, "losses/agent_3_actor_loss": -15.386005401611328}