{"training/timesteps": 1130496, "training/loop": 7, "evaluation/mean_return": 359.1088562011719, "evaluation/best_return": 361.2082214355469, "evaluation/return_std": 1.3961584568023682, "losses/critic_loss": 0.280697226524353, "losses/actor_loss_mean": -36.54420471191406, "losses/alpha_loss_mean": 0.0, "temperature/alpha_mean": 0.20000003278255463, "performance/timesteps_per_second": 5165.490792477317, "performance/loop_time": 25.37454915046692, "performance/total_time": 224.4322075843811, "training/replay_buffer_size": 1000000, "training/training_steps": 524288, "_timestamp": 1754381207.9240482, "_runtime": 225.42537713050842, "_step": 23, "losses/agent_0_actor_loss": -36.538265228271484, "losses/agent_0_alpha_loss": 0.0, "temperature/agent_0_alpha": 0.20000003278255463, "losses/agent_1_actor_loss": -36.55014419555664, "losses/agent_1_alpha_loss": 0.0, "temperature/agent_1_alpha": 0.20000003278255463}