{"training/timesteps": 7028736, "training/loop": 52, "evaluation/mean_return": 662.8853149414062, "evaluation/best_return": 987.1700439453125, "evaluation/return_std": 1.674329400062561, "losses/critic_loss": 9.497197151184082, "losses/actor_loss_mean": -64.98638153076172, "losses/alpha_loss_mean": -0.019013982266187668, "temperature/alpha": 0.18943943083286285, "performance/timesteps_per_second": 6955.210234115151, "performance/loop_time": 18.845152854919434, "performance/total_time": 1031.7597274780273, "training/replay_buffer_size": 1000000, "training/training_steps": 2062336, "_timestamp": 1754663228.9054832, "_runtime": 1032.748556137085, "_step": 158, "losses/agent_0_actor_loss": -64.89207458496094, "losses/agent_1_actor_loss": -65.08067321777344}