{"training/timesteps": 6504448, "training/loop": 48, "evaluation/mean_return": 687.5625, "evaluation/best_return": 1125.3382568359375, "evaluation/return_std": 5.578762531280518, "losses/critic_loss": 3.3273239135742188, "losses/actor_loss_mean": -37.302886962890625, "losses/alpha_loss_mean": 7.723240560153499e-05, "temperature/alpha": 0.04965291917324066, "performance/timesteps_per_second": 6946.45728471157, "performance/loop_time": 18.86889886856079, "performance/total_time": 937.0979669094086, "training/replay_buffer_size": 1000000, "training/training_steps": 1906688, "_timestamp": 1754658891.7318413, "_runtime": 938.3025772571564, "_step": 146, "losses/agent_0_actor_loss": -37.31040954589844, "losses/agent_1_actor_loss": -37.295372009277344}