{"training/timesteps": 7946240, "training/loop": 59, "evaluation/mean_return": 486.3424987792969, "evaluation/best_return": 495.4678649902344, "evaluation/return_std": 7.154195785522461, "losses/critic_loss": 0.21950560808181763, "losses/actor_loss_mean": -38.911521911621094, "losses/alpha_loss_mean": -3.46187298418954e-05, "temperature/alpha": 0.017678232863545418, "performance/timesteps_per_second": 7075.686038752752, "performance/loop_time": 18.52428150177002, "performance/total_time": 1144.3278782367706, "training/replay_buffer_size": 1000000, "training/training_steps": 3932160, "_timestamp": 1754464023.2994957, "_runtime": 1145.3738098144531, "_step": 180, "losses/agent_0_actor_loss": -38.912147521972656, "losses/agent_1_actor_loss": -38.910892486572266, "final/best_return": 495.4678649902344, "final/total_time": 1144.3278782367706, "final/final_return": 486.3424987792969, "_wandb": {"runtime": 1144}}