{"training/timesteps": 7946240, "training/loop": 59, "evaluation/mean_return": 777.640869140625, "evaluation/best_return": 1023.7720947265625, "evaluation/return_std": 2.474865198135376, "losses/critic_loss": 2.35333251953125, "losses/actor_loss_mean": -33.32072830200195, "losses/alpha_loss_mean": -3.822593862423673e-05, "temperature/alpha": 0.041139811277389526, "performance/timesteps_per_second": 7056.432726709875, "performance/loop_time": 18.574824571609497, "performance/total_time": 1177.2530627250671, "training/replay_buffer_size": 1000000, "training/training_steps": 2334720, "_timestamp": 1754643231.1997068, "_runtime": 1178.3073377609253, "_step": 180, "losses/agent_0_actor_loss": -33.31615447998047, "losses/agent_1_actor_loss": -33.32529067993164, "final/best_return": 1023.7720947265625, "final/total_time": 1177.2530627250671, "final/final_return": 777.640869140625, "_wandb": {"runtime": 1177}}