{"training/timesteps": 7946240, "training/loop": 59, "evaluation/mean_return": 600.8656005859375, "evaluation/best_return": 1210.5506591796875, "evaluation/return_std": 5.540934085845947, "losses/critic_loss": 1.753476858139038, "losses/actor_loss_mean": -40.47785949707031, "losses/alpha_loss_mean": -3.742649278137833e-05, "temperature/alpha": 0.04301133006811142, "performance/timesteps_per_second": 6963.290552325026, "performance/loop_time": 18.82328462600708, "performance/total_time": 1136.2339186668396, "training/replay_buffer_size": 1000000, "training/training_steps": 2334720, "_timestamp": 1754637947.9706647, "_runtime": 1137.3216426372528, "_step": 180, "losses/agent_0_actor_loss": -40.49205780029297, "losses/agent_1_actor_loss": -40.46366882324219, "final/best_return": 1210.5506591796875, "final/total_time": 1136.2339186668396, "final/final_return": 600.8656005859375, "_wandb": {"runtime": 1136}}