{"training/timesteps": 737280, "training/loop": 4, "evaluation/mean_return": 252.4802703857422, "evaluation/best_return": 296.74017333984375, "evaluation/return_std": 6.224410533905029, "losses/critic_loss": 2.0162220001220703, "losses/actor_loss_mean": -18.49848175048828, "losses/alpha_loss_mean": 0.00015339694800786674, "temperature/alpha": 0.03281516954302788, "performance/timesteps_per_second": 7027.85708116898, "performance/loop_time": 18.65035080909729, "performance/total_time": 114.47337102890015, "training/replay_buffer_size": 737280, "training/training_steps": 194560, "agent/actor_std_mean": 0.598097026348114, "_timestamp": 1754704380.254054, "_runtime": 115.53885197639465, "_step": 14, "losses/agent_0_actor_loss": -18.477136611938477, "agent/agent_0_std": 0.5665791034698486, "losses/agent_1_actor_loss": -18.51982879638672, "agent/agent_1_std": 0.6296149492263794}