{"training/timesteps": 7946240, "training/loop": 59, "evaluation/mean_return": 575.5927124023438, "evaluation/best_return": 621.4586791992188, "evaluation/return_std": 2.348261833190918, "losses/critic_loss": 1.6600723266601562, "losses/actor_loss_mean": -42.33979034423828, "losses/alpha_loss_mean": -5.386884254221513e-07, "temperature/alpha_mean": 2.0570487322402187e-06, "performance/timesteps_per_second": 5872.591209675834, "performance/loop_time": 22.319278717041016, "performance/total_time": 1364.311158657074, "training/replay_buffer_size": 1000000, "training/training_steps": 3932160, "_timestamp": 1754368981.632904, "_runtime": 1365.3640019893646, "_step": 180, "losses/agent_0_actor_loss": -42.34104919433594, "losses/agent_0_alpha_loss": -7.529218493118606e-08, "temperature/agent_0_alpha": 2.2718251102560316e-07, "losses/agent_1_actor_loss": -42.338531494140625, "losses/agent_1_alpha_loss": -1.002084673018544e-06, "temperature/agent_1_alpha": 3.886914782924578e-06, "final/best_return": 621.4586791992188, "final/total_time": 1364.311158657074, "final/final_return": 575.5927124023438, "_wandb": {"runtime": 1364}}