{"training/timesteps": 7946240, "training/loop": 59, "evaluation/mean_return": 673.264892578125, "evaluation/best_return": 1145.8720703125, "evaluation/return_std": 3.6547093391418457, "losses/critic_loss": 0.07466498017311096, "losses/actor_loss_mean": -44.89535903930664, "losses/alpha_loss_mean": 2.9112812626408413e-05, "temperature/alpha_mean": 0.016973258927464485, "performance/timesteps_per_second": 7026.499033082158, "performance/loop_time": 18.653955459594727, "performance/total_time": 1120.599385023117, "training/replay_buffer_size": 1000000, "training/training_steps": 2334720, "_timestamp": 1754303056.5460136, "_runtime": 1122.8711416721344, "_step": 180, "losses/agent_0_actor_loss": -44.89547348022461, "losses/agent_0_alpha_loss": 5.015289571019821e-05, "temperature/agent_0_alpha": 0.016717929393053055, "losses/agent_1_actor_loss": -44.89524459838867, "losses/agent_1_alpha_loss": 8.072728633123916e-06, "temperature/agent_1_alpha": 0.017228588461875916, "final/best_return": 1145.8720703125, "final/total_time": 1120.599385023117, "final/final_return": 673.264892578125, "_wandb": {"runtime": 1121}}