{"error": "'alpha_losses'", "_timestamp": 1754387988.4738834, "_runtime": 42.7740044593811, "_step": 0, "_wandb": {"runtime": 41}}