{"training/timesteps": 212992, "training/loop": 1, "evaluation/mean_return": 256.2970275878906, "evaluation/best_return": 258.353759765625, "evaluation/return_std": 1.620798110961914, "losses/critic_loss_mean": 9.55794906616211, "losses/actor_loss_mean": -28.99358367919922, "losses/alpha_loss_mean": 0.01805247738957405, "temperature/alpha_mean": 0.006876803934574127, "performance/timesteps_per_second": 2201.1941260277476, "performance/loop_time": 29.77293062210083, "performance/total_time": 74.44167947769165, "training/replay_buffer_size": 212992, "training/training_steps": 131072, "_timestamp": 1754444981.4874377, "_runtime": 75.53834867477417, "_step": 5, "agents/agent_0/actor_loss": -27.785690307617188, "agents/agent_0/critic_loss": 11.903987884521484, "agents/agent_0/alpha_loss": 0.018174564465880394, "agents/agent_0/alpha": 0.006875542923808098, "agents/agent_1/actor_loss": -30.20147705078125, "agents/agent_1/critic_loss": 7.211910247802734, "agents/agent_1/alpha_loss": 0.017930392175912857, "agents/agent_1/alpha": 0.0068780649453401566}