{"training/timesteps": 7946240, "training/loop": 59, "evaluation/mean_return": 968.6865234375, "evaluation/best_return": 1322.8145751953125, "evaluation/return_std": 19.94455337524414, "losses/critic_loss": 0.2457752674818039, "losses/actor_loss_mean": -50.81697082519531, "losses/alpha_loss_mean": 9.825996676227078e-05, "temperature/alpha": 0.019401563331484795, "performance/timesteps_per_second": 6812.6301877134565, "performance/loop_time": 19.239558935165405, "performance/total_time": 1185.0059480667114, "training/replay_buffer_size": 1000000, "training/training_steps": 2334720, "_timestamp": 1754753965.201763, "_runtime": 1187.5275619029999, "_step": 180, "losses/agent_0_actor_loss": -50.81486892700195, "losses/agent_1_actor_loss": -50.81908416748047, "final/best_return": 1322.8145751953125, "final/total_time": 1185.0059480667114, "final/final_return": 968.6865234375, "_wandb": {"runtime": 1186}}