{"error": "'critic_loss'", "_timestamp": 1754404893.9469123, "_runtime": 38.17535734176636, "_step": 0, "_wandb": {"runtime": 37}}