{"training/timesteps": 868352, "training/loop": 5, "evaluation/mean_return": 346.1278991699219, "evaluation/best_return": 365.7625732421875, "evaluation/return_std": 1.3844901323318481, "losses/critic_loss": 2.220106601715088, "losses/actor_loss_mean": -24.66977310180664, "losses/alpha_loss_mean": -0.00030963338213041425, "temperature/alpha": 0.035034555941820145, "performance/timesteps_per_second": 7250.9409424195255, "performance/loop_time": 18.076550483703613, "performance/total_time": 124.76054382324219, "training/replay_buffer_size": 868352, "training/training_steps": 393216, "_timestamp": 1754476944.8052564, "_runtime": 125.94708037376404, "_step": 17, "losses/agent_0_actor_loss": -24.66568946838379, "losses/agent_1_actor_loss": -24.673858642578125}