{"training/timesteps": 5062656, "training/loop": 37, "evaluation/mean_return": 564.1838989257812, "evaluation/best_return": 588.0473022460938, "evaluation/return_std": 1.9583567380905151, "losses/critic_loss": 0.11996635794639587, "losses/actor_loss_mean": -42.45307922363281, "losses/alpha_loss_mean": -2.4581443085480714e-06, "temperature/alpha": 0.0018816101364791393, "performance/timesteps_per_second": 7171.398096436916, "performance/loop_time": 18.277049779891968, "performance/total_time": 727.9657068252563, "training/replay_buffer_size": 1000000, "training/training_steps": 2490368, "_timestamp": 1754465267.684057, "_runtime": 729.0259339809418, "_step": 113, "losses/agent_0_actor_loss": -42.453697204589844, "losses/agent_1_actor_loss": -42.45246887207031}