{"training/timesteps": 7946240, "training/loop": 59, "evaluation/mean_return": 1336.9649658203125, "evaluation/best_return": 2254.678955078125, "evaluation/return_std": 116.06474304199219, "losses/critic_loss": 0.5911192893981934, "losses/actor_loss_mean": -52.06920623779297, "losses/alpha_loss_mean": 5.6784861044434365e-06, "temperature/alpha_mean": 0.016075285151600838, "performance/timesteps_per_second": 7128.968924922915, "performance/loop_time": 18.385828495025635, "performance/total_time": 1127.9076919555664, "training/replay_buffer_size": 1000000, "training/training_steps": 2334720, "_timestamp": 1754306645.4213762, "_runtime": 1130.520114183426, "_step": 180, "losses/agent_0_actor_loss": -52.07054901123047, "losses/agent_0_alpha_loss": 1.1990285884166951e-06, "temperature/agent_0_alpha": 0.014277836307883263, "losses/agent_1_actor_loss": -52.067867279052734, "losses/agent_1_alpha_loss": 1.0157941687793937e-05, "temperature/agent_1_alpha": 0.017872732132673264, "final/best_return": 2254.678955078125, "final/total_time": 1127.9076919555664, "final/final_return": 1336.9649658203125, "_wandb": {"runtime": 1129}}