{"training/timesteps": 7946240, "training/loop": 59, "evaluation/mean_return": 956.1365356445312, "evaluation/best_return": 1246.708251953125, "evaluation/return_std": 41.20594787597656, "losses/critic_loss": 1.283052921295166, "losses/actor_loss_mean": -48.773109436035156, "losses/alpha_loss_mean": -8.360151696251705e-06, "temperature/alpha": 0.0008717096061445773, "performance/timesteps_per_second": 7108.3047600778245, "performance/loop_time": 18.439276933670044, "performance/total_time": 1139.2195477485657, "training/replay_buffer_size": 1000000, "training/training_steps": 2334720, "agent/actor_std_mean": 0.07992953807115555, "_timestamp": 1754705928.330908, "_runtime": 1140.2364139556885, "_step": 180, "losses/agent_0_actor_loss": -48.767974853515625, "agent/agent_0_std": 0.07951241731643677, "losses/agent_1_actor_loss": -48.77825164794922, "agent/agent_1_std": 0.08034665882587433, "final/best_return": 1246.708251953125, "final/total_time": 1139.2195477485657, "final/final_return": 956.1365356445312, "_wandb": {"runtime": 1139}}