{"training/timesteps": 7946240, "training/loop": 59, "evaluation/mean_return": 407.94415283203125, "evaluation/best_return": 1013.4784545898438, "evaluation/return_std": 1.0716886520385742, "losses/critic_loss": 2.0333523750305176, "losses/actor_loss_mean": -54.08467483520508, "losses/alpha_loss_mean": 0.0, "temperature/alpha_mean": 0.5, "performance/timesteps_per_second": 5073.1849963693085, "performance/loop_time": 25.83623504638672, "performance/total_time": 1576.157680273056, "training/replay_buffer_size": 1000000, "training/training_steps": 3932160, "_timestamp": 1754384880.4154189, "_runtime": 1577.2688958644867, "_step": 180, "losses/agent_0_actor_loss": -54.07545471191406, "losses/agent_0_alpha_loss": 0.0, "temperature/agent_0_alpha": 0.5, "losses/agent_1_actor_loss": -54.093902587890625, "losses/agent_1_alpha_loss": 0.0, "temperature/agent_1_alpha": 0.5, "final/best_return": 1013.4784545898438, "final/total_time": 1576.157680273056, "final/final_return": 407.94415283203125, "_wandb": {"runtime": 1576}}