{"training/timesteps": 2179072, "training/loop": 15, "evaluation/mean_return": 322.8435974121094, "evaluation/best_return": 356.8034362792969, "evaluation/return_std": 1.7061601877212524, "losses/critic_loss": 0.8833788633346558, "losses/actor_loss_mean": -57.36195755004883, "losses/alpha_loss_mean": 0.0001888598781079054, "temperature/alpha": 0.02421986311674118, "performance/timesteps_per_second": 5816.31598545199, "performance/loop_time": 22.535226821899414, "performance/total_time": 391.6386249065399, "training/replay_buffer_size": 1000000, "training/training_steps": 622592, "_timestamp": 1754789093.134685, "_runtime": 394.1200649738312, "_step": 47, "losses/agent_0_actor_loss": -57.37019348144531, "losses/agent_1_actor_loss": -57.353721618652344}