{"training/timesteps": 2834432, "training/loop": 20, "evaluation/mean_return": 398.0919494628906, "evaluation/best_return": 1042.2791748046875, "evaluation/return_std": 2.1032888889312744, "losses/critic_loss": 0.9900909066200256, "losses/actor_loss_mean": -31.858373641967773, "losses/alpha_loss_mean": 0.00010118492355104536, "temperature/alpha_mean": 0.04433946684002876, "performance/timesteps_per_second": 7141.4551205958505, "performance/loop_time": 18.35368251800537, "performance/total_time": 414.10495138168335, "training/replay_buffer_size": 1000000, "training/training_steps": 817152, "_timestamp": 1754328041.1813698, "_runtime": 415.07514572143555, "_step": 62, "losses/agent_0_actor_loss": -31.857711791992188, "losses/agent_0_alpha_loss": 4.376384458737448e-05, "temperature/agent_0_alpha": 0.0529220849275589, "losses/agent_1_actor_loss": -31.85903549194336, "losses/agent_1_alpha_loss": 0.00015860600979067385, "temperature/agent_1_alpha": 0.03575684502720833}