{"training/timesteps": 1916928, "training/loop": 13, "evaluation/mean_return": 361.8315124511719, "evaluation/best_return": 372.2384948730469, "evaluation/return_std": 1.5426057577133179, "losses/critic_loss": 0.08885228633880615, "losses/actor_loss_mean": -31.51214599609375, "losses/alpha_loss_mean": 0.0, "temperature/alpha_mean": 0.05000000447034836, "performance/timesteps_per_second": 7380.31126270172, "performance/loop_time": 17.759684562683105, "performance/total_time": 279.21091055870056, "training/replay_buffer_size": 1000000, "training/training_steps": 544768, "_timestamp": 1754330084.8542516, "_runtime": 280.24118757247925, "_step": 41, "losses/agent_0_actor_loss": -31.511337280273438, "losses/agent_0_alpha_loss": 0.0, "temperature/agent_0_alpha": 0.05000000447034836, "losses/agent_1_actor_loss": -31.512948989868164, "losses/agent_1_alpha_loss": 0.0, "temperature/agent_1_alpha": 0.05000000447034836}