{"training/timesteps": 2441216, "training/loop": 17, "evaluation/mean_return": 378.330322265625, "evaluation/best_return": 462.9879455566406, "evaluation/return_std": 3.3070666790008545, "losses/critic_loss": 2.5730156898498535, "losses/actor_loss_mean": -32.437198638916016, "losses/alpha_loss_mean": -0.0011918455129489303, "temperature/alpha_mean": 0.06280718743801117, "performance/timesteps_per_second": 7236.170644618642, "performance/loop_time": 18.113447904586792, "performance/total_time": 356.75031328201294, "training/replay_buffer_size": 1000000, "training/training_steps": 700416, "_timestamp": 1754326618.5654628, "_runtime": 357.7364647388458, "_step": 53, "losses/agent_0_actor_loss": -32.43708419799805, "losses/agent_0_alpha_loss": -0.00010639509855536744, "temperature/agent_0_alpha": 0.07831574976444244, "losses/agent_1_actor_loss": -32.437313079833984, "losses/agent_1_alpha_loss": -0.0022772960364818573, "temperature/agent_1_alpha": 0.04729864373803139}