{"training/timesteps": 7946240, "training/loop": 59, "evaluation/mean_return": 943.4042358398438, "evaluation/best_return": 1133.5863037109375, "evaluation/return_std": 13.836766242980957, "losses/critic_loss": 1.7497892379760742, "losses/actor_loss_mean": -47.28841018676758, "losses/alpha_loss_mean": -7.027178071439266e-06, "temperature/alpha": 0.00023591988428961486, "performance/timesteps_per_second": 6963.982446921587, "performance/loop_time": 18.821414470672607, "performance/total_time": 1168.2530608177185, "training/replay_buffer_size": 1000000, "training/training_steps": 2334720, "_timestamp": 1754639205.2494924, "_runtime": 1169.3118753433228, "_step": 180, "losses/agent_0_actor_loss": -47.28603744506836, "losses/agent_1_actor_loss": -47.2907829284668, "final/best_return": 1133.5863037109375, "final/total_time": 1168.2530608177185, "final/final_return": 943.4042358398438, "_wandb": {"runtime": 1168}}