{"training/timesteps": 4341760, "training/loop": 64, "evaluation/mean_return": 495.8160705566406, "evaluation/best_return": 516.7307739257812, "evaluation/return_std": 1.9540395736694336, "losses/critic_loss": 0.08724948018789291, "losses/actor_loss_mean": -40.69257354736328, "losses/alpha_loss_mean": 1.3357015404835693e-06, "temperature/alpha": 0.00011289570829831064, "performance/timesteps_per_second": 3656.31124182074, "performance/loop_time": 17.924075841903687, "performance/total_time": 1182.8663454055786, "training/replay_buffer_size": 1000000, "training/training_steps": 4259840, "_timestamp": 1754480830.3438451, "_runtime": 1184.0384662151337, "_step": 194, "losses/agent_0_actor_loss": -40.691734313964844, "losses/agent_1_actor_loss": -40.69341278076172}