{"training/timesteps": 3227648, "training/loop": 23, "evaluation/mean_return": 425.2303771972656, "evaluation/best_return": 1018.7396850585938, "evaluation/return_std": 1.9465913772583008, "losses/critic_loss": 8.169548034667969, "losses/actor_loss_mean": -44.01554489135742, "losses/alpha_loss_mean": 0.002336274366825819, "temperature/alpha_mean": 0.1311933845281601, "performance/timesteps_per_second": 8639.637209919685, "performance/loop_time": 15.17100739479065, "performance/total_time": 393.15891122817993, "training/replay_buffer_size": 1000000, "training/training_steps": 933888, "_timestamp": 1754334451.2055643, "_runtime": 394.1664102077484, "_step": 71, "losses/agent_0_actor_loss": -44.016353607177734, "losses/agent_0_alpha_loss": 0.0033526569604873657, "temperature/agent_0_alpha": 0.13276676833629608, "losses/agent_1_actor_loss": -44.014732360839844, "losses/agent_1_alpha_loss": 0.0013198915403336287, "temperature/agent_1_alpha": 0.1296200007200241}