{"training/timesteps": 4669440, "training/loop": 34, "evaluation/mean_return": 298.79736328125, "evaluation/best_return": 563.6981811523438, "evaluation/return_std": 246.15354919433594, "losses/critic_loss": 1.9825359582901, "losses/actor_loss_mean": -41.25312805175781, "losses/alpha_loss_mean": 1.064720800059149e-05, "temperature/alpha": 0.00024143917835317552, "performance/timesteps_per_second": 6919.056328074306, "performance/loop_time": 18.943623781204224, "performance/total_time": 689.9898331165314, "training/replay_buffer_size": 1000000, "training/training_steps": 1361920, "agent/actor_std_mean": 0.0663858950138092, "_timestamp": 1754745597.9067245, "_runtime": 692.6162755489349, "_step": 104, "losses/agent_0_actor_loss": -41.25312805175781, "agent/agent_0_std": 0.07193636894226074, "losses/agent_1_actor_loss": -41.253135681152344, "agent/agent_1_std": 0.06083541736006737}