{"training/timesteps": 6897664, "training/loop": 51, "evaluation/mean_return": 293.8031005859375, "evaluation/best_return": 1056.759033203125, "evaluation/return_std": 2.1709814071655273, "losses/critic_loss_mean": 106210.4375, "losses/actor_loss_mean": -11.099698066711426, "losses/alpha_loss_mean": 0.001365244621410966, "temperature/alpha_mean": 0.016494696959853172, "performance/timesteps_per_second": 5424.347938733568, "performance/loop_time": 24.163641691207886, "performance/total_time": 1255.5191340446472, "training/replay_buffer_size": 1000000, "training/training_steps": 3407872, "_timestamp": 1754406574.1574667, "_runtime": 1256.5681626796722, "_step": 155, "agents/agent_0/actor_loss": 5.4669060707092285, "agents/agent_0/critic_loss": 212392.65625, "agents/agent_0/alpha_loss": -0.00043569644913077354, "agents/agent_0/alpha": 0.004641729407012463, "agents/agent_1/actor_loss": -27.666301727294922, "agents/agent_1/critic_loss": 28.222702026367188, "agents/agent_1/alpha_loss": 0.0031661856919527054, "agents/agent_1/alpha": 0.028347663581371307}