{"training/timesteps": 1654784, "training/loop": 11, "evaluation/mean_return": 300.8589782714844, "evaluation/best_return": 465.1431579589844, "evaluation/return_std": 0.8781588077545166, "losses/critic_loss_mean": 12.973451614379883, "losses/actor_loss_mean": -24.910118103027344, "losses/alpha_loss_mean": 0.00010732396913226694, "temperature/alpha_mean": 0.013217277824878693, "performance/timesteps_per_second": 6837.0726207954, "performance/loop_time": 19.170777797698975, "performance/total_time": 253.79032444953918, "training/replay_buffer_size": 1000000, "training/training_steps": 466944, "_timestamp": 1754444819.4396844, "_runtime": 254.89172649383545, "_step": 35, "agents/agent_0/actor_loss": -26.390235900878906, "agents/agent_0/critic_loss": 0.5057668089866638, "agents/agent_0/alpha_loss": 0.0001862280332716182, "agents/agent_0/alpha": 0.014940972439944744, "agents/agent_1/actor_loss": -23.430002212524414, "agents/agent_1/critic_loss": 25.441137313842773, "agents/agent_1/alpha_loss": 2.8419912268873304e-05, "agents/agent_1/alpha": 0.011493582278490067}