{"training/timesteps": 606208, "training/loop": 3, "evaluation/mean_return": 403.0167541503906, "evaluation/best_return": 403.0167541503906, "evaluation/return_std": 12.474074363708496, "losses/critic_loss": 6.031685829162598, "losses/actor_loss_mean": -106.4026870727539, "performance/timesteps_per_second": 6068.302566836693, "performance/loop_time": 21.59945034980774, "performance/total_time": 106.27767252922058, "training/replay_buffer_size": 606208, "training/training_steps": 155648, "_timestamp": 1753104012.8608365, "_runtime": 107.35825061798096, "_step": 11, "losses/agent_0_loss": -106.4026870727539, "losses/agent_1_loss": -106.4026870727539}