{"training/timesteps": 1261568, "training/loop": 8, "evaluation/mean_return": 558.90625, "evaluation/best_return": 610.3595581054688, "evaluation/return_std": 17.319610595703125, "losses/critic_loss_mean": 9.394522666931152, "losses/actor_loss_mean": -33.805335998535156, "losses/alpha_loss_mean": 0.00024854051298461854, "temperature/alpha_mean": 0.004997035022825003, "performance/timesteps_per_second": 8007.913204140852, "performance/loop_time": 16.367809772491455, "performance/total_time": 168.795490026474, "training/replay_buffer_size": 1000000, "training/training_steps": 350208, "_timestamp": 1754417272.99523, "_runtime": 169.9125349521637, "_step": 26, "agents/agent_0/actor_loss": -33.39424133300781, "agents/agent_0/critic_loss": 1.735762119293213, "agents/agent_0/alpha_loss": 7.687858305871487e-05, "agents/agent_0/alpha": 0.00477847084403038, "agents/agent_1/actor_loss": -34.2164306640625, "agents/agent_1/critic_loss": 17.05328369140625, "agents/agent_1/alpha_loss": 0.0004202024429105222, "agents/agent_1/alpha": 0.005215599201619625}