{"error": "tuple index out of range", "_timestamp": 1754406937.4506345, "_runtime": 18.532883405685425, "_step": 0, "_wandb": {"runtime": 17}}