{"training/timesteps": 7946240, "training/loop": 59, "evaluation/mean_return": 614.8030395507812, "evaluation/best_return": 1062.9163818359375, "evaluation/return_std": 2.679492712020874, "losses/critic_loss": 8.114880561828613, "losses/actor_loss_mean": -25.14594078063965, "losses/alpha_loss_mean": 0.000179229726199992, "temperature/alpha": 0.011789165437221527, "performance/timesteps_per_second": 6861.820912524535, "performance/loop_time": 19.101635217666626, "performance/total_time": 1191.8419027328491, "training/replay_buffer_size": 1000000, "training/training_steps": 2334720, "_timestamp": 1754662144.5541537, "_runtime": 1222.2098627090454, "_step": 180, "losses/agent_0_actor_loss": -25.140581130981445, "losses/agent_1_actor_loss": -25.151302337646484, "final/best_return": 1062.9163818359375, "final/total_time": 1191.8419027328491, "final/final_return": 614.8030395507812, "_wandb": {"runtime": 1191}}