{"training/timesteps": 7946240, "training/loop": 59, "evaluation/mean_return": 625.013427734375, "evaluation/best_return": 891.7794189453125, "evaluation/return_std": 1.4157966375350952, "losses/critic_loss": 1.8793648481369019, "losses/actor_loss_mean": -33.9780387878418, "losses/alpha_loss_mean": 3.296215436421335e-05, "temperature/alpha_mean": 0.06266903877258301, "performance/timesteps_per_second": 7248.4312851564155, "performance/loop_time": 18.08280920982361, "performance/total_time": 1120.966697692871, "training/replay_buffer_size": 1000000, "training/training_steps": 2334720, "_timestamp": 1754324510.1743174, "_runtime": 1121.9798374176025, "_step": 180, "losses/agent_0_actor_loss": -33.9781494140625, "losses/agent_0_alpha_loss": 7.483324588974938e-05, "temperature/agent_0_alpha": 0.06179815158247948, "losses/agent_1_actor_loss": -33.97792434692383, "losses/agent_1_alpha_loss": -8.908941708796192e-06, "temperature/agent_1_alpha": 0.06353992223739624, "final/best_return": 891.7794189453125, "final/total_time": 1120.966697692871, "final/final_return": 625.013427734375, "_wandb": {"runtime": 1121}}