{"training/timesteps": 3489792, "training/loop": 25, "evaluation/mean_return": 517.1918334960938, "evaluation/best_return": 1002.2073364257812, "evaluation/return_std": 4.959301471710205, "losses/critic_loss": 0.28811904788017273, "losses/actor_loss_mean": -40.02617645263672, "losses/alpha_loss_mean": 2.2888205421622843e-05, "temperature/alpha": 0.017485732212662697, "performance/timesteps_per_second": 7411.7377723494965, "performance/loop_time": 17.68438172340393, "performance/total_time": 487.2171607017517, "training/replay_buffer_size": 1000000, "training/training_steps": 1011712, "_timestamp": 1754491424.948468, "_runtime": 488.2654459476471, "_step": 77, "losses/agent_0_actor_loss": -40.02191925048828, "losses/agent_1_actor_loss": -40.030426025390625}