{"training/timesteps": 1654784, "training/loop": 11, "evaluation/mean_return": 346.43829345703125, "evaluation/best_return": 376.6540222167969, "evaluation/return_std": 1.1497875452041626, "losses/critic_loss": 0.4845791757106781, "losses/actor_loss_mean": -127.52749633789062, "losses/alpha_loss_mean": 6.442977610277012e-05, "temperature/alpha_mean": 0.02538076788187027, "performance/timesteps_per_second": 5996.755600144209, "performance/loop_time": 21.857152223587036, "performance/total_time": 283.34833693504333, "training/replay_buffer_size": 1000000, "training/training_steps": 466944, "_timestamp": 1753795179.4643397, "_runtime": 285.47426867485046, "_step": 35, "losses/agent_0_actor_loss": -127.52287292480469, "losses/agent_0_alpha_loss": -1.1277507837803569e-05, "temperature/agent_0_alpha": 0.028406765311956406, "losses/agent_1_actor_loss": -127.53213500976562, "losses/agent_1_alpha_loss": 0.00014013706822879612, "temperature/agent_1_alpha": 0.022354768589138985}