{"training/timesteps": 3227648, "training/loop": 23, "evaluation/mean_return": 378.4254150390625, "evaluation/best_return": 1002.6689453125, "evaluation/return_std": 1.739922285079956, "losses/critic_loss": 24.947885513305664, "losses/actor_loss_mean": -47.40214538574219, "losses/alpha_loss_mean": -0.0004747592320200056, "temperature/alpha_mean": 0.08984380960464478, "performance/timesteps_per_second": 5888.339434163288, "performance/loop_time": 22.259586334228516, "performance/total_time": 556.4754159450531, "training/replay_buffer_size": 1000000, "training/training_steps": 1572864, "_timestamp": 1754380617.7621462, "_runtime": 557.682852268219, "_step": 71, "losses/agent_0_actor_loss": -47.395347595214844, "losses/agent_0_alpha_loss": -0.00018151821859646589, "temperature/agent_0_alpha": 0.08644081652164459, "losses/agent_1_actor_loss": -47.408935546875, "losses/agent_1_alpha_loss": -0.0007680000271648169, "temperature/agent_1_alpha": 0.09324678778648376}