{"training/timesteps": 212992, "training/loop": 0, "evaluation/mean_return": 253.5407257080078, "evaluation/best_return": 253.5407257080078, "evaluation/return_std": 4.826785087585449, "losses/critic_loss": 2.0718648433685303, "losses/actor_loss_mean": -15.370695114135742, "losses/alpha_loss_mean": 0.0, "temperature/alpha": 0.10000000894069672, "performance/timesteps_per_second": 3316.555233628379, "performance/loop_time": 39.5205237865448, "performance/total_time": 39.52052569389343, "training/replay_buffer_size": 212992, "training/training_steps": 38912, "_timestamp": 1754665162.4689465, "_runtime": 40.7068555355072, "_step": 2, "losses/agent_0_actor_loss": -15.383100509643555, "losses/agent_1_actor_loss": -15.35828971862793}