{"training/timesteps": 7946240, "training/loop": 59, "evaluation/mean_return": 608.5885009765625, "evaluation/best_return": 677.2091064453125, "evaluation/return_std": 43.953853607177734, "losses/critic_loss": 1009923.9375, "losses/actor_loss_mean": 225.7427520751953, "losses/alpha_loss_mean": -0.0027079847641289234, "temperature/alpha": 0.02891497313976288, "performance/timesteps_per_second": 7334.585550374875, "performance/loop_time": 17.870403051376343, "performance/total_time": 1101.7835803031921, "training/replay_buffer_size": 1000000, "training/training_steps": 3932160, "_timestamp": 1754455611.036393, "_runtime": 1102.8634748458862, "_step": 180, "losses/agent_0_actor_loss": 226.45571899414062, "losses/agent_1_actor_loss": 225.02980041503906, "final/best_return": 677.2091064453125, "final/total_time": 1101.7835803031921, "final/final_return": 608.5885009765625, "_wandb": {"runtime": 1101}}