{"training/timesteps": 3883008, "training/loop": 28, "evaluation/mean_return": 519.681640625, "evaluation/best_return": 525.6790771484375, "evaluation/return_std": 1.5693548917770386, "losses/critic_loss": 0.6387638449668884, "losses/actor_loss_mean": -37.74585723876953, "losses/alpha_loss_mean": 0.00010725323954829946, "temperature/alpha_mean": 0.03623557835817337, "performance/timesteps_per_second": 5869.122544424064, "performance/loop_time": 22.33246946334839, "performance/total_time": 664.875617980957, "training/replay_buffer_size": 1000000, "training/training_steps": 1900544, "_timestamp": 1754380017.919208, "_runtime": 665.9546251296997, "_step": 86, "losses/agent_0_actor_loss": -37.741546630859375, "losses/agent_0_alpha_loss": 8.003614493645728e-05, "temperature/agent_0_alpha": 0.03087497502565384, "losses/agent_1_actor_loss": -37.750160217285156, "losses/agent_1_alpha_loss": 0.00013447034871205688, "temperature/agent_1_alpha": 0.0415961816906929}