{"training/timesteps": 4145152, "training/loop": 30, "evaluation/mean_return": 340.39453125, "evaluation/best_return": 486.8155822753906, "evaluation/return_std": 1.2102365493774414, "losses/critic_loss": 1.3535126447677612, "losses/actor_loss_mean": -32.7236442565918, "losses/alpha_loss_mean": 0.0005499608814716339, "temperature/alpha": 0.028318198397755623, "performance/timesteps_per_second": 6923.152608382713, "performance/loop_time": 18.9324152469635, "performance/total_time": 625.2265644073486, "training/replay_buffer_size": 1000000, "training/training_steps": 1206272, "_timestamp": 1754674365.5920389, "_runtime": 626.2673449516296, "_step": 92, "losses/agent_0_actor_loss": -32.73384094238281, "losses/agent_1_actor_loss": -32.71345138549805}