{"training/timesteps": 2310144, "training/loop": 16, "evaluation/mean_return": 343.75982666015625, "evaluation/best_return": 354.25830078125, "evaluation/return_std": 1.455077886581421, "losses/critic_loss": 0.3276430070400238, "losses/actor_loss_mean": -31.311405181884766, "losses/alpha_loss_mean": -0.0003025224432349205, "temperature/alpha": 0.021884100511670113, "performance/timesteps_per_second": 6889.951979366081, "performance/loop_time": 19.02364492416382, "performance/total_time": 361.1796774864197, "training/replay_buffer_size": 1000000, "training/training_steps": 661504, "_timestamp": 1754675622.562068, "_runtime": 362.2004759311676, "_step": 50, "losses/agent_0_actor_loss": -31.311214447021484, "losses/agent_1_actor_loss": -31.31159019470215}