{"training/timesteps": 7946240, "training/loop": 59, "evaluation/mean_return": 348.9801940917969, "evaluation/best_return": 627.1981811523438, "evaluation/return_std": 0.980746865272522, "losses/critic_loss": 0.07732083648443222, "losses/actor_loss_mean": -31.379785537719727, "losses/alpha_loss_mean": 2.2747122784494422e-05, "temperature/alpha": 0.012056134641170502, "performance/timesteps_per_second": 7253.674947150989, "performance/loop_time": 18.069737195968628, "performance/total_time": 1096.1918470859528, "training/replay_buffer_size": 1000000, "training/training_steps": 3932160, "_timestamp": 1754457678.0451174, "_runtime": 1097.279453277588, "_step": 180, "losses/agent_0_actor_loss": -31.38003921508789, "losses/agent_1_actor_loss": -31.379531860351562, "final/best_return": 627.1981811523438, "final/total_time": 1096.1918470859528, "final/final_return": 348.9801940917969, "_wandb": {"runtime": 1096}}