{"training/timesteps": 7946240, "training/loop": 59, "evaluation/mean_return": 337.6447448730469, "evaluation/best_return": 572.4078369140625, "evaluation/return_std": 257.5428771972656, "losses/critic_loss": 14.209333419799805, "losses/actor_loss_mean": -38.36139678955078, "losses/alpha_loss": -8.10495184850879e-05, "temperature/alpha_mean": 0.016278650611639023, "performance/timesteps_per_second": 7274.100406240484, "performance/loop_time": 18.01899790763855, "performance/total_time": 1091.510677099228, "training/replay_buffer_size": 1000000, "training/training_steps": 3932160, "_timestamp": 1754395379.17799, "_runtime": 1092.5922360420227, "_step": 180, "losses/agent_0_actor_loss": -38.36070251464844, "losses/agent_1_actor_loss": -38.362091064453125, "final/best_return": 572.4078369140625, "final/total_time": 1091.510677099228, "final/final_return": 337.6447448730469, "_wandb": {"runtime": 1091}}