{"training/timesteps": 737280, "training/loop": 4, "evaluation/mean_return": 992.0160522460938, "evaluation/best_return": 992.0160522460938, "evaluation/return_std": 0.323697030544281, "losses/critic_loss": 81689.4609375, "losses/actor_loss_mean": -6559.96630859375, "losses/alpha_loss_mean": 0.0, "temperature/alpha": 100.0, "performance/timesteps_per_second": 7397.600348622106, "performance/loop_time": 17.718178033828735, "performance/total_time": 115.12486815452576, "training/replay_buffer_size": 737280, "training/training_steps": 194560, "_timestamp": 1754490333.25899, "_runtime": 116.14917397499084, "_step": 14, "losses/agent_0_actor_loss": -6562.57275390625, "losses/agent_1_actor_loss": -6557.3603515625}