{"training/timesteps": 4538368, "training/loop": 33, "evaluation/mean_return": 662.5515747070312, "evaluation/best_return": 1006.2023315429688, "evaluation/return_std": 2.4983479976654053, "losses/critic_loss": 0.653006911277771, "losses/actor_loss_mean": -43.976898193359375, "losses/alpha_loss_mean": -0.0002963486185763031, "temperature/alpha_mean": 0.037153251469135284, "performance/timesteps_per_second": 7180.206129071457, "performance/loop_time": 18.254629135131836, "performance/total_time": 655.556601524353, "training/replay_buffer_size": 1000000, "training/training_steps": 1323008, "_timestamp": 1754326218.1063654, "_runtime": 656.5571084022522, "_step": 101, "losses/agent_0_actor_loss": -43.976318359375, "losses/agent_0_alpha_loss": -0.00032514758640900254, "temperature/agent_0_alpha": 0.04428519681096077, "losses/agent_1_actor_loss": -43.977474212646484, "losses/agent_1_alpha_loss": -0.0002675496507436037, "temperature/agent_1_alpha": 0.030021296814084053}