{"training/timesteps": 7946240, "training/loop": 59, "evaluation/mean_return": 1047.462890625, "evaluation/best_return": 1047.462890625, "evaluation/return_std": 76.77947235107422, "losses/critic_loss": 0.22107861936092377, "losses/actor_loss_mean": -47.25402069091797, "losses/alpha_loss_mean": -2.499054062354844e-05, "temperature/alpha": 0.01764545775949955, "performance/timesteps_per_second": 6857.979769030175, "performance/loop_time": 19.11233401298523, "performance/total_time": 1186.688572883606, "training/replay_buffer_size": 1000000, "training/training_steps": 2334720, "_timestamp": 1754660807.7144873, "_runtime": 1187.9890542030334, "_step": 180, "losses/agent_0_actor_loss": -47.252647399902344, "losses/agent_1_actor_loss": -47.25539779663086, "final/best_return": 1047.462890625, "final/total_time": 1186.688572883606, "final/final_return": 1047.462890625, "_wandb": {"runtime": 1186}}