{"training/timesteps": 5062656, "training/loop": 37, "evaluation/mean_return": 526.1608276367188, "evaluation/best_return": 547.5562133789062, "evaluation/return_std": 5.549036502838135, "losses/critic_loss": 0.052095379680395126, "losses/actor_loss_mean": -41.57769012451172, "losses/alpha_loss_mean": 1.5882285879342817e-05, "temperature/alpha": 0.011871496215462685, "performance/timesteps_per_second": 6801.259968339557, "performance/loop_time": 19.27172327041626, "performance/total_time": 757.6404621601105, "training/replay_buffer_size": 1000000, "training/training_steps": 1478656, "_timestamp": 1754752548.4778602, "_runtime": 760.3642582893372, "_step": 113, "losses/agent_0_actor_loss": -41.57748794555664, "losses/agent_1_actor_loss": -41.57788848876953}