{"training/timesteps": 7159808, "training/loop": 53, "evaluation/mean_return": 649.3135986328125, "evaluation/best_return": 663.6856079101562, "evaluation/return_std": 1.4306739568710327, "losses/critic_loss": 0.0610821507871151, "losses/actor_loss_mean": -43.71623229980469, "losses/alpha_loss_mean": 2.8439832021831535e-05, "temperature/alpha": 0.011603317223489285, "performance/timesteps_per_second": 6811.10213999159, "performance/loop_time": 19.24387526512146, "performance/total_time": 1063.6370885372162, "training/replay_buffer_size": 1000000, "training/training_steps": 2101248, "_timestamp": 1754671913.085134, "_runtime": 1064.6428079605103, "_step": 161, "losses/agent_0_actor_loss": -43.71572494506836, "losses/agent_1_actor_loss": -43.716739654541016}