{"training/timesteps": 7946240, "training/loop": 59, "evaluation/mean_return": 532.7335815429688, "evaluation/best_return": 1109.503173828125, "evaluation/return_std": 29.027833938598633, "losses/critic_loss": 8.139790534973145, "losses/actor_loss_mean": -63.5233154296875, "losses/alpha_loss_mean": 0.00047217344399541616, "temperature/alpha": 0.03989729657769203, "performance/timesteps_per_second": 5846.104216895265, "performance/loop_time": 22.420400857925415, "performance/total_time": 1374.4864196777344, "training/replay_buffer_size": 1000000, "training/training_steps": 2334720, "_timestamp": 1754792848.6720743, "_runtime": 1377.0117053985596, "_step": 180, "losses/agent_0_actor_loss": -63.5349006652832, "losses/agent_1_actor_loss": -63.5117301940918, "final/best_return": 1109.503173828125, "final/total_time": 1374.4864196777344, "final/final_return": 532.7335815429688, "_wandb": {"runtime": 1375}}