{"training/timesteps": 475136, "training/loop": 2, "evaluation/mean_return": 271.6098937988281, "evaluation/best_return": 278.9159851074219, "evaluation/return_std": 3.327143430709839, "losses/critic_loss": 6.196957111358643, "losses/actor_loss_mean": -97.16100311279297, "performance/timesteps_per_second": 5861.442590818294, "performance/loop_time": 22.361730575561523, "performance/total_time": 94.87825441360474, "training/replay_buffer_size": 475136, "training/training_steps": 116736, "_timestamp": 1754750766.1748903, "_runtime": 97.61661338806152, "_step": 8, "losses/agent_0_loss": -97.16100311279297, "losses/agent_1_loss": -97.16100311279297}