{"training/timesteps": 7684096, "training/loop": 57, "evaluation/mean_return": 639.0460815429688, "evaluation/best_return": 1006.4595947265625, "evaluation/return_std": 2.089116096496582, "losses/critic_loss": 3.52107572555542, "losses/actor_loss_mean": -39.391441345214844, "losses/alpha_loss_mean": 4.0410872315987945e-05, "temperature/alpha": 0.030541539192199707, "performance/timesteps_per_second": 7060.163332348496, "performance/loop_time": 18.565009593963623, "performance/total_time": 1106.1467216014862, "training/replay_buffer_size": 1000000, "training/training_steps": 2256896, "_timestamp": 1754670827.494826, "_runtime": 1107.2238471508026, "_step": 173, "losses/agent_0_actor_loss": -39.38545608520508, "losses/agent_1_actor_loss": -39.39741897583008}