{"training/timesteps": 4014080, "training/loop": 29, "evaluation/mean_return": 503.203125, "evaluation/best_return": 512.8113403320312, "evaluation/return_std": 2.7903892993927, "losses/critic_loss": 0.29906341433525085, "losses/actor_loss_mean": -39.76689910888672, "losses/alpha_loss_mean": -8.292992788483389e-06, "temperature/alpha": 0.00039232123526744545, "performance/timesteps_per_second": 6984.029473804456, "performance/loop_time": 18.76738929748535, "performance/total_time": 598.4310891628265, "training/replay_buffer_size": 1000000, "training/training_steps": 1167360, "agent/actor_std_mean": 0.10106083750724792, "_timestamp": 1754737525.9029138, "_runtime": 601.0094947814941, "_step": 89, "losses/agent_0_actor_loss": -39.769107818603516, "agent/agent_0_std": 0.09199511259794235, "losses/agent_1_actor_loss": -39.764686584472656, "agent/agent_1_std": 0.1101265549659729}