{"training/timesteps": 7946240, "training/loop": 59, "evaluation/mean_return": 490.24029541015625, "evaluation/best_return": 503.89141845703125, "evaluation/return_std": 2.2626540660858154, "losses/critic_loss_mean": 0.18790851533412933, "losses/actor_loss_mean": -38.44999694824219, "losses/alpha_loss_mean": 3.550383553374559e-05, "temperature/alpha_mean": 0.024613667279481888, "performance/timesteps_per_second": 8039.805734140863, "performance/loop_time": 16.302881479263306, "performance/total_time": 1001.0506834983826, "training/replay_buffer_size": 1000000, "training/training_steps": 2334720, "_timestamp": 1754451825.6713612, "_runtime": 1002.1432852745056, "_step": 180, "agents/agent_0/actor_loss": -38.243141174316406, "agents/agent_0/critic_loss": 0.19723571836948395, "agents/agent_0/alpha_loss": -2.1551739337155595e-05, "agents/agent_0/alpha": 0.028617821633815765, "agents/agent_1/actor_loss": -38.6568489074707, "agents/agent_1/critic_loss": 0.17858131229877472, "agents/agent_1/alpha_loss": 9.255940676666796e-05, "agents/agent_1/alpha": 0.02060951478779316, "final/best_return": 503.89141845703125, "final/total_time": 1001.0506834983826, "final/final_return": 490.24029541015625, "_wandb": {"runtime": 1001}}