{"training/timesteps": 7946240, "training/loop": 59, "evaluation/mean_return": 712.6881713867188, "evaluation/best_return": 995.0924072265625, "evaluation/return_std": 118.7402114868164, "losses/critic_loss": 4.0591721534729, "losses/actor_loss_mean": -74.39170837402344, "losses/alpha_loss_mean": 4.4810942199546844e-05, "temperature/alpha": 0.06193381920456886, "performance/timesteps_per_second": 5840.453686191381, "performance/loop_time": 22.442092180252075, "performance/total_time": 1371.2048490047455, "training/replay_buffer_size": 1000000, "training/training_steps": 2334720, "_timestamp": 1754788549.133829, "_runtime": 1374.379595041275, "_step": 180, "losses/agent_0_actor_loss": -74.39404296875, "losses/agent_1_actor_loss": -74.38938903808594, "final/best_return": 995.0924072265625, "final/total_time": 1371.2048490047455, "final/final_return": 712.6881713867188, "_wandb": {"runtime": 1372}}