{"training/timesteps": 7946240, "training/loop": 59, "evaluation/mean_return": 589.04296875, "evaluation/best_return": 1018.693359375, "evaluation/return_std": 4.896390914916992, "losses/critic_loss": 0.17842890322208405, "losses/actor_loss_mean": -39.87190246582031, "losses/alpha_loss_mean": 1.0066462891700212e-05, "temperature/alpha_mean": 0.01586192473769188, "performance/timesteps_per_second": 5896.854564563379, "performance/loop_time": 22.2274432182312, "performance/total_time": 1362.1690196990967, "training/replay_buffer_size": 1000000, "training/training_steps": 3932160, "_timestamp": 1754363272.018891, "_runtime": 1363.1873741149902, "_step": 180, "losses/agent_0_actor_loss": -39.87047576904297, "losses/agent_0_alpha_loss": -1.4192910384736024e-05, "temperature/agent_0_alpha": 0.015886222943663597, "losses/agent_1_actor_loss": -39.87333679199219, "losses/agent_1_alpha_loss": 3.432583616813645e-05, "temperature/agent_1_alpha": 0.01583762653172016, "final/best_return": 1018.693359375, "final/total_time": 1362.1690196990967, "final/final_return": 589.04296875, "_wandb": {"runtime": 1362}}