{"error": "'log_std'", "_timestamp": 1754702610.5291605, "_runtime": 34.93064045906067, "_step": 0, "_wandb": {"runtime": 33}}