{"training/timesteps": 7946240, "training/loop": 59, "evaluation/mean_return": 546.8494262695312, "evaluation/best_return": 574.964599609375, "evaluation/return_std": 8.09852123260498, "losses/critic_loss_mean": 0.1599580943584442, "losses/actor_loss_mean": -40.11876678466797, "losses/alpha_loss_mean": 5.803927706438117e-06, "temperature/alpha_mean": 0.014394260942935944, "performance/timesteps_per_second": 7819.152918669395, "performance/loop_time": 16.762941122055054, "performance/total_time": 1035.644950389862, "training/replay_buffer_size": 1000000, "training/training_steps": 2334720, "_timestamp": 1754416686.4232347, "_runtime": 1036.7159676551819, "_step": 180, "agents/agent_0/actor_loss": -40.14636993408203, "agents/agent_0/critic_loss": 0.16083592176437378, "agents/agent_0/alpha_loss": -3.0527793569490314e-05, "agents/agent_0/alpha": 0.01251968089491129, "agents/agent_1/actor_loss": -40.09116744995117, "agents/agent_1/critic_loss": 0.15908026695251465, "agents/agent_1/alpha_loss": 4.213564898236655e-05, "agents/agent_1/alpha": 0.016268840059638023, "final/best_return": 574.964599609375, "final/total_time": 1035.644950389862, "final/final_return": 546.8494262695312, "_wandb": {"runtime": 1035}}