{"training/timesteps": 7946240, "training/loop": 59, "evaluation/mean_return": 597.3753051757812, "evaluation/best_return": 711.9349975585938, "evaluation/return_std": 20.419761657714844, "losses/critic_loss": 0.8497154116630554, "losses/actor_loss_mean": -163.5849151611328, "losses/alpha_loss_mean": 0.0002923513820860535, "temperature/alpha": 0.036398857831954956, "performance/timesteps_per_second": 4901.902872160144, "performance/loop_time": 26.739003896713257, "performance/total_time": 1629.0106160640717, "training/replay_buffer_size": 1000000, "training/training_steps": 2334720, "_timestamp": 1754760819.8987844, "_runtime": 1631.858326435089, "_step": 180, "losses/agent_0_actor_loss": -163.5923614501953, "losses/agent_1_actor_loss": -163.57745361328125, "final/best_return": 711.9349975585938, "final/total_time": 1629.0106160640717, "final/final_return": 597.3753051757812, "_wandb": {"runtime": 1630}}