{"training/timesteps": 606208, "training/loop": 3, "evaluation/mean_return": 342.931884765625, "evaluation/best_return": 359.92901611328125, "evaluation/return_std": 5.1589035987854, "losses/critic_loss": 2.2011377811431885, "losses/actor_loss_mean": -18.996923446655273, "losses/alpha_loss_mean": 0.00042098158155567944, "temperature/alpha": 0.053350578993558884, "performance/timesteps_per_second": 7078.5053615940415, "performance/loop_time": 18.516903400421143, "performance/total_time": 95.85758471488953, "training/replay_buffer_size": 606208, "training/training_steps": 155648, "agent/actor_std_mean": 0.578804612159729, "_timestamp": 1754704144.6003456, "_runtime": 96.893221616745, "_step": 11, "losses/agent_0_actor_loss": -19.003671646118164, "agent/agent_0_std": 0.5404319167137146, "losses/agent_1_actor_loss": -18.99017333984375, "agent/agent_1_std": 0.6171773672103882, "_wandb": {"runtime": 113}}