{"training/timesteps": 1523712, "training/loop": 10, "evaluation/mean_return": 427.27374267578125, "evaluation/best_return": 427.27374267578125, "evaluation/return_std": 3.854066848754883, "losses/critic_loss": 0.48530077934265137, "losses/actor_loss_mean": -33.878509521484375, "losses/alpha_loss_mean": 8.11611462268047e-05, "temperature/alpha": 0.02110804058611393, "performance/timesteps_per_second": 6954.926290617304, "performance/loop_time": 18.845922231674194, "performance/total_time": 233.99758291244507, "training/replay_buffer_size": 1000000, "training/training_steps": 428032, "_timestamp": 1754667220.1318457, "_runtime": 235.45688366889954, "_step": 32, "losses/agent_0_actor_loss": -33.88134765625, "losses/agent_1_actor_loss": -33.875675201416016}