{"training/timesteps": 4014080, "training/loop": 29, "evaluation/mean_return": 337.18115234375, "evaluation/best_return": 343.64013671875, "evaluation/return_std": 1.7779431343078613, "losses/critic_loss": 0.09866247326135635, "losses/actor_loss_mean": -32.647090911865234, "losses/alpha_loss_mean": 0.0, "temperature/alpha": 0.10000000894069672, "performance/timesteps_per_second": 7034.290030863925, "performance/loop_time": 18.633294820785522, "performance/total_time": 586.2269570827484, "training/replay_buffer_size": 1000000, "training/training_steps": 1167360, "_timestamp": 1754664921.5784466, "_runtime": 587.2743656635284, "_step": 89, "losses/agent_0_actor_loss": -32.6525764465332, "losses/agent_1_actor_loss": -32.641605377197266}