{"training/timesteps": 2572288, "training/loop": 18, "evaluation/mean_return": 449.376953125, "evaluation/best_return": 999.3051147460938, "evaluation/return_std": 6.12078332901001, "losses/critic_loss": 0.19327884912490845, "losses/actor_loss_mean": -5.920345783233643, "losses/alpha_loss_mean": -2.045361952696112e-06, "temperature/alpha": 0.00010864217620110139, "performance/timesteps_per_second": 7405.113932928441, "performance/loop_time": 17.70020031929016, "performance/total_time": 364.3078887462616, "training/replay_buffer_size": 1000000, "training/training_steps": 739328, "_timestamp": 1754492813.508758, "_runtime": 365.3842990398407, "_step": 56, "losses/agent_0_actor_loss": -5.919580936431885, "losses/agent_1_actor_loss": -5.921111106872559}