{"training/timesteps": 7946240, "training/loop": 59, "evaluation/mean_return": 660.0660400390625, "evaluation/best_return": 1084.0172119140625, "evaluation/return_std": 36.7469482421875, "losses/critic_loss": 0.9770432710647583, "losses/actor_loss_mean": -41.2650260925293, "losses/alpha_loss_mean": 4.160506068728864e-05, "temperature/alpha_mean": 0.01630723476409912, "performance/timesteps_per_second": 7108.222225954619, "performance/loop_time": 18.439491033554077, "performance/total_time": 1132.1627850532532, "training/replay_buffer_size": 1000000, "training/training_steps": 2334720, "_timestamp": 1754307945.0294938, "_runtime": 1134.6368079185486, "_step": 180, "losses/agent_0_actor_loss": -41.26487350463867, "losses/agent_0_alpha_loss": 6.391607166733593e-05, "temperature/agent_0_alpha": 0.016552457585930824, "losses/agent_1_actor_loss": -41.26518249511719, "losses/agent_1_alpha_loss": 1.929403697431553e-05, "temperature/agent_1_alpha": 0.016062011942267418, "final/best_return": 1084.0172119140625, "final/total_time": 1132.1627850532532, "final/final_return": 660.0660400390625, "_wandb": {"runtime": 1133}}