{"training/timesteps": 475136, "training/loop": 2, "evaluation/mean_return": 380.7644958496094, "evaluation/best_return": 380.7644958496094, "evaluation/return_std": 1.7508046627044678, "losses/critic_loss": 4.799725532531738, "losses/actor_loss_mean": -25.12090301513672, "losses/alpha_loss_mean": -0.0028243926353752613, "temperature/alpha": 0.05736830085515976, "performance/timesteps_per_second": 7281.812789520192, "performance/loop_time": 17.999913454055786, "performance/total_time": 71.31011056900024, "training/replay_buffer_size": 475136, "training/training_steps": 196608, "_timestamp": 1754477053.4358404, "_runtime": 72.27230143547058, "_step": 8, "losses/agent_0_actor_loss": -25.106204986572266, "losses/agent_1_actor_loss": -25.135601043701172}