{"training/timesteps": 4276224, "training/loop": 31, "evaluation/mean_return": 508.13409423828125, "evaluation/best_return": 521.27587890625, "evaluation/return_std": 5.860836982727051, "losses/critic_loss": 0.058394357562065125, "losses/actor_loss_mean": -41.36573791503906, "losses/alpha_loss_mean": 1.1263280157436384e-06, "temperature/alpha_mean": 0.00016137849888764322, "performance/timesteps_per_second": 7084.254729503464, "performance/loop_time": 18.501875638961792, "performance/total_time": 611.5348644256592, "training/replay_buffer_size": 1000000, "training/training_steps": 1245184, "_timestamp": 1754296203.8737004, "_runtime": 614.1351883411407, "_step": 95, "losses/agent_0_actor_loss": -41.366031646728516, "losses/agent_0_alpha_loss": 3.6588338048204605e-07, "temperature/agent_0_alpha": 8.352799341082573e-05, "losses/agent_1_actor_loss": -41.365447998046875, "losses/agent_1_alpha_loss": 1.8867730204874533e-06, "temperature/agent_1_alpha": 0.00023922897526063025}