{"training/timesteps": 7159808, "training/loop": 53, "evaluation/mean_return": 556.9459838867188, "evaluation/best_return": 581.4861450195312, "evaluation/return_std": 2.355640172958374, "losses/critic_loss": 0.07338076829910278, "losses/actor_loss_mean": -169.77902221679688, "losses/alpha_loss_mean": -1.7576969185029157e-05, "temperature/alpha_mean": 0.01595299504697323, "performance/timesteps_per_second": 5854.58221283743, "performance/loop_time": 22.38793396949768, "performance/total_time": 1218.2734112739563, "training/replay_buffer_size": 1000000, "training/training_steps": 2101248, "_timestamp": 1753789943.3289757, "_runtime": 1220.4000146389008, "_step": 161, "losses/agent_0_actor_loss": -169.7802276611328, "losses/agent_0_alpha_loss": -3.430151264183223e-05, "temperature/agent_0_alpha": 0.015144916251301765, "losses/agent_1_actor_loss": -169.77781677246094, "losses/agent_1_alpha_loss": -8.52419020702655e-07, "temperature/agent_1_alpha": 0.01676107384264469}