{"training/timesteps": 7946240, "training/loop": 59, "evaluation/mean_return": 781.3956298828125, "evaluation/best_return": 991.95703125, "evaluation/return_std": 18.715045928955078, "losses/critic_loss": 0.8805469870567322, "losses/actor_loss_mean": -41.17377853393555, "losses/alpha_loss_mean": 0.00014382947119884193, "temperature/alpha_mean": 0.06574276089668274, "performance/timesteps_per_second": 7295.969445028713, "performance/loop_time": 17.9649875164032, "performance/total_time": 1108.9252607822418, "training/replay_buffer_size": 1000000, "training/training_steps": 2334720, "_timestamp": 1754329219.4400125, "_runtime": 1109.8813264369965, "_step": 180, "losses/agent_0_actor_loss": -41.1728630065918, "losses/agent_0_alpha_loss": -0.0002965958556160331, "temperature/agent_0_alpha": 0.07160533219575882, "losses/agent_1_actor_loss": -41.17469024658203, "losses/agent_1_alpha_loss": 0.0005842548562213778, "temperature/agent_1_alpha": 0.05988019332289696, "final/best_return": 991.95703125, "final/total_time": 1108.9252607822418, "final/final_return": 781.3956298828125, "_wandb": {"runtime": 1109}}