{"training/timesteps": 7946240, "training/loop": 59, "evaluation/mean_return": 616.0348510742188, "evaluation/best_return": 616.0348510742188, "evaluation/return_std": 3.4797632694244385, "losses/critic_loss": 1.5769126415252686, "losses/actor_loss_mean": -35.951416015625, "losses/alpha_loss_mean": 1.7806243704399094e-05, "temperature/alpha": 0.0004940786748193204, "performance/timesteps_per_second": 7436.80569513012, "performance/loop_time": 17.62477135658264, "performance/total_time": 1087.4793589115143, "training/replay_buffer_size": 1000000, "training/training_steps": 2334720, "_timestamp": 1754494641.4965777, "_runtime": 1088.5685787200928, "_step": 180, "losses/agent_0_actor_loss": -35.96262741088867, "losses/agent_1_actor_loss": -35.94020080566406, "final/best_return": 616.0348510742188, "final/total_time": 1087.4793589115143, "final/final_return": 616.0348510742188, "_wandb": {"runtime": 1087}}