{"training/timesteps": 7946240, "training/loop": 59, "evaluation/mean_return": 743.962890625, "evaluation/best_return": 1023.9856567382812, "evaluation/return_std": 3.942934036254883, "losses/critic_loss": 2.29606294631958, "losses/actor_loss_mean": -38.60742950439453, "losses/alpha_loss_mean": 4.439793337951414e-05, "temperature/alpha_mean": 0.050932664424180984, "performance/timesteps_per_second": 8616.912394396526, "performance/loop_time": 15.21101689338684, "performance/total_time": 936.5414047241211, "training/replay_buffer_size": 1000000, "training/training_steps": 2334720, "_timestamp": 1754336981.9205613, "_runtime": 937.5045433044434, "_step": 180, "losses/agent_0_actor_loss": -38.607460021972656, "losses/agent_0_alpha_loss": 0.00015524853370152414, "temperature/agent_0_alpha": 0.05206628143787384, "losses/agent_1_actor_loss": -38.60739517211914, "losses/agent_1_alpha_loss": -6.645268149441108e-05, "temperature/agent_1_alpha": 0.04979904741048813, "final/best_return": 1023.9856567382812, "final/total_time": 936.5414047241211, "final/final_return": 743.962890625, "_wandb": {"runtime": 936}}