{"training/timesteps": 6373376, "training/loop": 47, "evaluation/mean_return": 485.2461853027344, "evaluation/best_return": 976.6355590820312, "evaluation/return_std": 1.386634349822998, "losses/critic_loss": 0.23895296454429626, "losses/actor_loss_mean": -36.20309829711914, "losses/alpha_loss_mean": -5.134420462127309e-06, "temperature/alpha_mean": 0.04921911656856537, "performance/timesteps_per_second": 7237.72044205146, "performance/loop_time": 18.109569311141968, "performance/total_time": 901.8441832065582, "training/replay_buffer_size": 1000000, "training/training_steps": 1867776, "_timestamp": 1754327564.822321, "_runtime": 902.8305938243866, "_step": 143, "losses/agent_0_actor_loss": -36.20490646362305, "losses/agent_0_alpha_loss": -1.2465553709262167e-06, "temperature/agent_0_alpha": 0.02552688680589199, "losses/agent_1_actor_loss": -36.201297760009766, "losses/agent_1_alpha_loss": -9.022289304994047e-06, "temperature/agent_1_alpha": 0.0729113519191742}