{"training/timesteps": 7946240, "training/loop": 59, "evaluation/mean_return": 517.2544555664062, "evaluation/best_return": 977.5234375, "evaluation/return_std": 2.7992701530456543, "losses/critic_loss": 0.1446940153837204, "losses/actor_loss_mean": -39.111671447753906, "losses/alpha_loss_mean": -1.577495459059719e-05, "temperature/alpha_mean": 0.03091050684452057, "performance/timesteps_per_second": 5866.8523836686445, "performance/loop_time": 22.341110944747925, "performance/total_time": 1368.785319328308, "training/replay_buffer_size": 1000000, "training/training_steps": 3932160, "_timestamp": 1754358609.19106, "_runtime": 1369.8674340248108, "_step": 180, "losses/agent_0_actor_loss": -39.11161422729492, "losses/agent_0_alpha_loss": -3.192760414094664e-05, "temperature/agent_0_alpha": 0.037379153072834015, "losses/agent_1_actor_loss": -39.111732482910156, "losses/agent_1_alpha_loss": 3.7769495975226164e-07, "temperature/agent_1_alpha": 0.024441853165626526, "final/best_return": 977.5234375, "final/total_time": 1368.785319328308, "final/final_return": 517.2544555664062, "_wandb": {"runtime": 1368}}