{"training/timesteps": 6635520, "training/loop": 49, "evaluation/mean_return": 355.7232360839844, "evaluation/best_return": 368.6229553222656, "evaluation/return_std": 6.276648044586182, "losses/critic_loss_mean": 0.5079357624053955, "losses/actor_loss_mean": -33.133968353271484, "losses/alpha_loss_mean": -1.925721790030366e-06, "temperature/alpha_mean": 0.00023779721232131124, "performance/timesteps_per_second": 3071.12646916444, "performance/loop_time": 42.678802490234375, "performance/total_time": 2145.2096099853516, "training/replay_buffer_size": 1000000, "training/training_steps": 6553600, "_timestamp": 1754448651.7683215, "_runtime": 2146.2630743980408, "_step": 149, "agents/agent_0/actor_loss": -33.07276916503906, "agents/agent_0/critic_loss": 0.8567392826080322, "agents/agent_0/alpha_loss": -5.601037628366612e-06, "agents/agent_0/alpha": 0.00023117606178857386, "agents/agent_1/actor_loss": -33.195167541503906, "agents/agent_1/critic_loss": 0.1591322273015976, "agents/agent_1/alpha_loss": 1.7495942756795557e-06, "agents/agent_1/alpha": 0.0002444183628540486}