{"training/timesteps": 7946240, "training/loop": 59, "evaluation/mean_return": 542.4703369140625, "evaluation/best_return": 1304.2437744140625, "evaluation/return_std": 14.7224702835083, "losses/critic_loss": 9.360352516174316, "losses/actor_loss_mean": -135.3813934326172, "losses/alpha_loss_mean": -0.00041673489613458514, "temperature/alpha": 0.0445081926882267, "performance/timesteps_per_second": 4931.81362195667, "performance/loop_time": 26.57683563232422, "performance/total_time": 1621.4250798225403, "training/replay_buffer_size": 1000000, "training/training_steps": 2334720, "_timestamp": 1754757380.0906372, "_runtime": 1624.041505098343, "_step": 180, "losses/agent_0_actor_loss": -135.39230346679688, "losses/agent_1_actor_loss": -135.3704833984375, "final/best_return": 1304.2437744140625, "final/total_time": 1621.4250798225403, "final/final_return": 542.4703369140625, "_wandb": {"runtime": 1622}}