{"training/timesteps": 4538368, "training/loop": 33, "evaluation/mean_return": 322.71820068359375, "evaluation/best_return": 404.9681701660156, "evaluation/return_std": 1.3922008275985718, "losses/critic_loss": 0.045814063400030136, "losses/actor_loss_mean": -30.234838485717773, "losses/alpha_loss_mean": 1.5219682609313168e-05, "temperature/alpha": 0.011739430949091911, "performance/timesteps_per_second": 6122.763636347437, "performance/loop_time": 21.407326459884644, "performance/total_time": 744.0296325683594, "training/replay_buffer_size": 1000000, "training/training_steps": 1323008, "_timestamp": 1754675185.118342, "_runtime": 745.1012859344482, "_step": 101, "losses/agent_0_actor_loss": -30.2357120513916, "losses/agent_1_actor_loss": -30.233964920043945}