{"training/timesteps": 2703360, "training/loop": 19, "evaluation/mean_return": 666.9732666015625, "evaluation/best_return": 999.6968994140625, "evaluation/return_std": 2.2497315406799316, "losses/critic_loss": 1.4624375104904175, "losses/actor_loss_mean": -39.890628814697266, "losses/alpha_loss_mean": -1.0304799616278615e-05, "temperature/alpha": 0.00017466246208641678, "performance/timesteps_per_second": 7445.573553288215, "performance/loop_time": 17.604016542434692, "performance/total_time": 379.6721727848053, "training/replay_buffer_size": 1000000, "training/training_steps": 778240, "_timestamp": 1754491838.1489727, "_runtime": 380.6938667297363, "_step": 59, "losses/agent_0_actor_loss": -39.8842658996582, "losses/agent_1_actor_loss": -39.89699172973633}