{"training/timesteps": 1196032, "training/loop": 16, "evaluation/mean_return": 97.83719635009766, "evaluation/best_return": 505.87359619140625, "evaluation/return_std": 3.56636118888855, "losses/critic_loss": 7.174568176269531, "losses/actor_loss_mean": -37.087623596191406, "losses/alpha_loss_mean": 2.5455075956415385e-05, "temperature/alpha": 0.010986360721290112, "performance/timesteps_per_second": 3649.0234386493307, "performance/loop_time": 17.95987367630005, "performance/total_time": 319.0139424800873, "training/replay_buffer_size": 1000000, "training/training_steps": 1114112, "_timestamp": 1754484323.351399, "_runtime": 320.0913898944855, "_step": 50, "losses/agent_0_actor_loss": -37.0782356262207, "losses/agent_1_actor_loss": -37.097007751464844}