{"training/timesteps": 2441216, "training/loop": 17, "evaluation/mean_return": 339.4527282714844, "evaluation/best_return": 347.0091857910156, "evaluation/return_std": 1.4213911294937134, "losses/critic_loss_mean": 0.17076286673545837, "losses/actor_loss_mean": -30.85155487060547, "losses/alpha_loss_mean": -2.7563241019379348e-05, "temperature/alpha_mean": 0.011037483811378479, "performance/timesteps_per_second": 5401.564983003648, "performance/loop_time": 24.265560150146484, "performance/total_time": 460.4139850139618, "training/replay_buffer_size": 1000000, "training/training_steps": 1179648, "_timestamp": 1754410306.7188735, "_runtime": 461.59557342529297, "_step": 53, "agents/agent_0/actor_loss": -30.869747161865234, "agents/agent_0/critic_loss": 0.1733749806880951, "agents/agent_0/alpha_loss": -4.6531153202522546e-05, "agents/agent_0/alpha": 0.011208117008209229, "agents/agent_1/actor_loss": -30.833362579345703, "agents/agent_1/critic_loss": 0.16815075278282166, "agents/agent_1/alpha_loss": -8.595328836236149e-06, "agents/agent_1/alpha": 0.010866851545870304}