{"training/timesteps": 7946240, "training/loop": 59, "evaluation/mean_return": 412.1644592285156, "evaluation/best_return": 425.5573425292969, "evaluation/return_std": 13.75607681274414, "losses/critic_loss_mean": 0.2582351267337799, "losses/actor_loss_mean": -31.79545783996582, "losses/alpha_loss_mean": -4.417802301759366e-08, "temperature/alpha_mean": 0.0002945226151496172, "performance/timesteps_per_second": 7750.801240921525, "performance/loop_time": 16.910767793655396, "performance/total_time": 1029.2883064746857, "training/replay_buffer_size": 1000000, "training/training_steps": 2334720, "_timestamp": 1754414212.619857, "_runtime": 1030.5901629924774, "_step": 180, "agents/agent_0/actor_loss": -31.52761459350586, "agents/agent_0/critic_loss": 0.23774202167987823, "agents/agent_0/alpha_loss": 3.262514155721874e-06, "agents/agent_0/alpha": 0.0004519578069448471, "agents/agent_1/actor_loss": -32.06330108642578, "agents/agent_1/critic_loss": 0.2787282168865204, "agents/agent_1/alpha_loss": -3.3508702017570613e-06, "agents/agent_1/alpha": 0.00013708745245821774, "final/best_return": 425.5573425292969, "final/total_time": 1029.2883064746857, "final/final_return": 412.1644592285156, "_wandb": {"runtime": 1029}}