{"training/timesteps": 3096576, "training/loop": 22, "evaluation/mean_return": 583.3181762695312, "evaluation/best_return": 583.3181762695312, "evaluation/return_std": 2.0550026893615723, "losses/critic_loss": 11.501272201538086, "losses/actor_loss_mean": -40.66250228881836, "losses/alpha_loss": 0.0016696200473234057, "temperature/alpha_mean": 0.05976954102516174, "performance/timesteps_per_second": 7310.873705370664, "performance/loop_time": 17.92836332321167, "performance/total_time": 427.8813738822937, "training/replay_buffer_size": 1000000, "training/training_steps": 1507328, "_timestamp": 1754400424.7186072, "_runtime": 429.09295129776, "_step": 68, "losses/agent_0_actor_loss": -40.674041748046875, "losses/agent_1_actor_loss": -40.650970458984375}