{"training/timesteps": 7946240, "training/loop": 59, "evaluation/mean_return": 837.8251342773438, "evaluation/best_return": 1004.1937866210938, "evaluation/return_std": 69.08192443847656, "losses/critic_loss": 3.022077798843384, "losses/actor_loss_mean": -192.08607482910156, "performance/timesteps_per_second": 5766.361884191972, "performance/loop_time": 22.73044991493225, "performance/total_time": 1387.8687887191772, "training/replay_buffer_size": 1000000, "training/training_steps": 2334720, "_timestamp": 1753470582.6543665, "_runtime": 1389.171793460846, "_step": 180, "losses/agent_0_loss": -192.08876037597656, "losses/agent_1_loss": -192.08335876464844, "final/best_return": 1004.1937866210938, "final/total_time": 1387.8687887191772, "final/final_return": 837.8251342773438, "_wandb": {"runtime": 1387}}