{"training/timesteps": 7946240, "training/loop": 59, "evaluation/mean_return": 501.027099609375, "evaluation/best_return": 1009.4796752929688, "evaluation/return_std": 1.3631900548934937, "losses/critic_loss": 0.059847500175237656, "losses/actor_loss_mean": -40.857269287109375, "losses/alpha_loss_mean": -3.126934461761266e-05, "temperature/alpha_mean": 0.023038629442453384, "performance/timesteps_per_second": 8709.808916940734, "performance/loop_time": 15.0487802028656, "performance/total_time": 933.7318937778473, "training/replay_buffer_size": 1000000, "training/training_steps": 2334720, "_timestamp": 1754337997.4761384, "_runtime": 934.6786453723907, "_step": 180, "losses/agent_0_actor_loss": -40.85749816894531, "losses/agent_0_alpha_loss": -3.8592763303313404e-05, "temperature/agent_0_alpha": 0.02145622856914997, "losses/agent_1_actor_loss": -40.85704040527344, "losses/agent_1_alpha_loss": -2.394592775090132e-05, "temperature/agent_1_alpha": 0.024621032178401947, "final/best_return": 1009.4796752929688, "final/total_time": 933.7318937778473, "final/final_return": 501.027099609375, "_wandb": {"runtime": 933}}