{"training/timesteps": 7946240, "training/loop": 59, "evaluation/mean_return": 706.0968017578125, "evaluation/best_return": 1206.0947265625, "evaluation/return_std": 1.5469918251037598, "losses/critic_loss": 0.14529722929000854, "losses/actor_loss_mean": -41.157806396484375, "losses/alpha_loss_mean": -4.1918483475456014e-05, "temperature/alpha": 0.020742958411574364, "performance/timesteps_per_second": 6764.703364255975, "performance/loop_time": 19.37586808204651, "performance/total_time": 1187.9470505714417, "training/replay_buffer_size": 1000000, "training/training_steps": 2334720, "_timestamp": 1754755208.7105892, "_runtime": 1190.597109079361, "_step": 180, "losses/agent_0_actor_loss": -41.159263610839844, "losses/agent_1_actor_loss": -41.15634536743164, "final/best_return": 1206.0947265625, "final/total_time": 1187.9470505714417, "final/final_return": 706.0968017578125, "_wandb": {"runtime": 1189}}