{"training/timesteps": 868352, "training/loop": 5, "evaluation/mean_return": 459.1082458496094, "evaluation/best_return": 492.4529724121094, "evaluation/return_std": 19.239484786987305, "losses/critic_loss": 1.601335048675537, "losses/actor_loss_mean": -31.96200942993164, "losses/alpha_loss_mean": -8.021341636776924e-05, "temperature/alpha_mean": 0.043691739439964294, "performance/timesteps_per_second": 5878.358999023406, "performance/loop_time": 22.2973792552948, "performance/total_time": 159.59788274765015, "training/replay_buffer_size": 868352, "training/training_steps": 393216, "_timestamp": 1754357192.584026, "_runtime": 160.601154088974, "_step": 17, "losses/agent_0_actor_loss": -31.954071044921875, "losses/agent_0_alpha_loss": -8.445423736702651e-05, "temperature/agent_0_alpha": 0.04209465533494949, "losses/agent_1_actor_loss": -31.969947814941406, "losses/agent_1_alpha_loss": -7.597259536851197e-05, "temperature/agent_1_alpha": 0.045288823544979095}