{"training/timesteps": 3227648, "training/loop": 23, "evaluation/mean_return": 424.1991271972656, "evaluation/best_return": 449.7650451660156, "evaluation/return_std": 3.46866512298584, "losses/critic_loss": 0.22840741276741028, "losses/actor_loss_mean": -34.38923263549805, "losses/alpha_loss_mean": -2.7352791221346706e-05, "temperature/alpha_mean": 0.02726702392101288, "performance/timesteps_per_second": 8672.324794161255, "performance/loop_time": 15.11382508277893, "performance/total_time": 391.2165365219116, "training/replay_buffer_size": 1000000, "training/training_steps": 933888, "_timestamp": 1754334885.8830154, "_runtime": 392.2745633125305, "_step": 71, "losses/agent_0_actor_loss": -34.38974380493164, "losses/agent_0_alpha_loss": 4.869423264608486e-07, "temperature/agent_0_alpha": 0.0239079762250185, "losses/agent_1_actor_loss": -34.38872528076172, "losses/agent_1_alpha_loss": -5.519252226804383e-05, "temperature/agent_1_alpha": 0.030626071617007256}