{"training/timesteps": 3489792, "training/loop": 25, "evaluation/mean_return": 582.0596313476562, "evaluation/best_return": 675.4677124023438, "evaluation/return_std": 2.4764022827148438, "losses/critic_loss_mean": 0.2587924599647522, "losses/actor_loss_mean": -43.84971237182617, "losses/alpha_loss_mean": 1.6097053503472125e-06, "temperature/alpha_mean": 0.00017548436881043017, "performance/timesteps_per_second": 5590.5194770469325, "performance/loop_time": 23.445406198501587, "performance/total_time": 645.0566439628601, "training/replay_buffer_size": 1000000, "training/training_steps": 1703936, "_timestamp": 1754412344.7500422, "_runtime": 646.3215363025665, "_step": 77, "agents/agent_0/actor_loss": -43.76182556152344, "agents/agent_0/critic_loss": 0.25492820143699646, "agents/agent_0/alpha_loss": 3.192513986505219e-07, "agents/agent_0/alpha": 0.0002131269284291193, "agents/agent_1/actor_loss": -43.937599182128906, "agents/agent_1/critic_loss": 0.26265668869018555, "agents/agent_1/alpha_loss": 2.900159415730741e-06, "agents/agent_1/alpha": 0.00013784179463982582}