{"training/timesteps": 7946240, "training/loop": 59, "evaluation/mean_return": 728.6658325195312, "evaluation/best_return": 732.4994506835938, "evaluation/return_std": 3.039416790008545, "losses/critic_loss": 0.09171804785728455, "losses/actor_loss_mean": -44.418128967285156, "losses/alpha_loss_mean": -8.955378234531963e-07, "temperature/alpha_mean": 0.0002668203669600189, "performance/timesteps_per_second": 5850.661223489681, "performance/loop_time": 22.40293788909912, "performance/total_time": 1367.36927485466, "training/replay_buffer_size": 1000000, "training/training_steps": 3932160, "_timestamp": 1754366085.1108098, "_runtime": 1368.3894317150116, "_step": 180, "losses/agent_0_actor_loss": -44.41690444946289, "losses/agent_0_alpha_loss": -8.189708751160651e-07, "temperature/agent_0_alpha": 0.000276878010481596, "losses/agent_1_actor_loss": -44.41935729980469, "losses/agent_1_alpha_loss": -9.721047717903275e-07, "temperature/agent_1_alpha": 0.0002567626943346113, "final/best_return": 732.4994506835938, "final/total_time": 1367.36927485466, "final/final_return": 728.6658325195312, "_wandb": {"runtime": 1367}}