{"training/timesteps": 7946240, "training/loop": 59, "evaluation/mean_return": 607.0651245117188, "evaluation/best_return": 637.9796752929688, "evaluation/return_std": 21.77608871459961, "losses/critic_loss": 5.186531066894531, "losses/actor_loss_mean": -39.560428619384766, "losses/alpha_loss_mean": -2.2310721760732122e-05, "temperature/alpha_mean": 0.006457985378801823, "performance/timesteps_per_second": 5861.347601285787, "performance/loop_time": 22.362092971801758, "performance/total_time": 1371.1515800952911, "training/replay_buffer_size": 1000000, "training/training_steps": 3932160, "_timestamp": 1754367502.0975118, "_runtime": 1372.2136027812958, "_step": 180, "losses/agent_0_actor_loss": -39.553245544433594, "losses/agent_0_alpha_loss": -2.5920120606315322e-05, "temperature/agent_0_alpha": 0.007910726591944695, "losses/agent_1_actor_loss": -39.5676155090332, "losses/agent_1_alpha_loss": -1.8701324734138325e-05, "temperature/agent_1_alpha": 0.005005244165658951, "final/best_return": 637.9796752929688, "final/total_time": 1371.1515800952911, "final/final_return": 607.0651245117188, "_wandb": {"runtime": 1371}}