{"error": "'log_std'", "_timestamp": 1754738316.8159237, "_runtime": 31.813690662384033, "_step": 0, "_wandb": {"runtime": 30}}