{"training/timesteps": 7946240, "training/loop": 59, "evaluation/mean_return": 735.5186767578125, "evaluation/best_return": 1179.004150390625, "evaluation/return_std": 4.289675235748291, "losses/critic_loss": 1.055755615234375, "losses/actor_loss_mean": -39.076412200927734, "losses/alpha_loss_mean": 2.920778570114635e-05, "temperature/alpha_mean": 0.04890156537294388, "performance/timesteps_per_second": 6097.989950596654, "performance/loop_time": 21.494295835494995, "performance/total_time": 1321.1523938179016, "training/replay_buffer_size": 1000000, "training/training_steps": 3932160, "_timestamp": 1754354697.7895694, "_runtime": 1322.180504322052, "_step": 180, "losses/agent_0_actor_loss": -39.07611846923828, "losses/agent_0_alpha_loss": 3.0811610486125574e-05, "temperature/agent_0_alpha": 0.05074191093444824, "losses/agent_1_actor_loss": -39.07670593261719, "losses/agent_1_alpha_loss": 2.7603970011114143e-05, "temperature/agent_1_alpha": 0.04706122726202011, "final/best_return": 1179.004150390625, "final/total_time": 1321.1523938179016, "final/final_return": 735.5186767578125, "_wandb": {"runtime": 1321}}