{"training/timesteps": 4276224, "training/loop": 31, "evaluation/mean_return": 624.8701171875, "evaluation/best_return": 627.5204467773438, "evaluation/return_std": 1.5998013019561768, "losses/critic_loss": 0.1430928111076355, "losses/actor_loss_mean": -42.957763671875, "losses/alpha_loss_mean": 4.912193915518337e-11, "temperature/alpha": 3.2357493420787087e-12, "performance/timesteps_per_second": 7466.465958884417, "performance/loop_time": 17.554757595062256, "performance/total_time": 589.7398533821106, "training/replay_buffer_size": 1000000, "training/training_steps": 1245184, "_timestamp": 1754493469.9067643, "_runtime": 590.7730813026428, "_step": 95, "losses/agent_0_actor_loss": -42.95853042602539, "losses/agent_1_actor_loss": -42.95700454711914}