{"training/timesteps": 6373376, "training/loop": 47, "evaluation/mean_return": 587.040283203125, "evaluation/best_return": 642.2958374023438, "evaluation/return_std": 1.7032207250595093, "losses/critic_loss": 0.14933322370052338, "losses/actor_loss_mean": -176.46066284179688, "losses/alpha_loss_mean": -2.5473671030340483e-06, "temperature/alpha_mean": 0.020497439429163933, "performance/timesteps_per_second": 5683.631892088082, "performance/loop_time": 23.061310529708862, "performance/total_time": 1118.7063343524933, "training/replay_buffer_size": 1000000, "training/training_steps": 1867776, "_timestamp": 1753699236.082967, "_runtime": 1119.7869291305542, "_step": 143, "losses/agent_0_actor_loss": -176.4616241455078, "losses/agent_0_alpha_loss": -1.615547444089316e-05, "temperature/agent_0_alpha": 0.01984204351902008, "losses/agent_1_actor_loss": -176.45973205566406, "losses/agent_1_alpha_loss": 1.1060740689572413e-05, "temperature/agent_1_alpha": 0.021152835339307785}