{"training/timesteps": 6242304, "training/loop": 46, "evaluation/mean_return": 739.7030639648438, "evaluation/best_return": 759.0121459960938, "evaluation/return_std": 12.93989086151123, "losses/critic_loss": 0.15948264300823212, "losses/actor_loss_mean": -45.38550567626953, "losses/alpha_loss_mean": -3.6558705573952466e-07, "temperature/alpha": 0.00037773113581351936, "performance/timesteps_per_second": 6947.4733963615945, "performance/loop_time": 18.86613917350769, "performance/total_time": 920.7502155303955, "training/replay_buffer_size": 1000000, "training/training_steps": 1828864, "agent/actor_std_mean": 0.08577929437160492, "_timestamp": 1754744877.4593477, "_runtime": 923.3051748275757, "_step": 140, "losses/agent_0_actor_loss": -45.38550567626953, "agent/agent_0_std": 0.07761771976947784, "losses/agent_1_actor_loss": -45.3855094909668, "agent/agent_1_std": 0.09394087642431259}