{"training/timesteps": 4800512, "training/loop": 35, "evaluation/mean_return": 328.6728210449219, "evaluation/best_return": 351.491455078125, "evaluation/return_std": 6.0790839195251465, "losses/critic_loss": 1.4801126718521118, "losses/actor_loss_mean": -27.54348373413086, "losses/alpha_loss_mean": 0.0, "temperature/alpha": 0.0, "performance/timesteps_per_second": 7242.921512501005, "performance/loop_time": 18.096565008163452, "performance/total_time": 663.3026020526886, "training/replay_buffer_size": 1000000, "training/training_steps": 2359296, "_timestamp": 1754476737.4854605, "_runtime": 664.5056824684143, "_step": 107, "losses/agent_0_actor_loss": -27.538192749023438, "losses/agent_1_actor_loss": -27.548770904541016}