{"training/timesteps": 7946240, "training/loop": 59, "evaluation/mean_return": 544.1434936523438, "evaluation/best_return": 841.1746215820312, "evaluation/return_std": 48.46342086791992, "losses/critic_loss": 0.18894720077514648, "losses/actor_loss_mean": -156.64190673828125, "losses/alpha_loss_mean": 4.700008867075667e-05, "temperature/alpha_mean": 0.02500341087579727, "performance/timesteps_per_second": 5825.666121322264, "performance/loop_time": 22.49905800819397, "performance/total_time": 1375.8292515277863, "training/replay_buffer_size": 1000000, "training/training_steps": 2334720, "_timestamp": 1753697454.06658, "_runtime": 1377.0257740020752, "_step": 180, "losses/agent_0_actor_loss": -156.64559936523438, "losses/agent_0_alpha_loss": -1.298845927522052e-05, "temperature/agent_0_alpha": 0.022525766864418983, "losses/agent_1_actor_loss": -156.6382293701172, "losses/agent_1_alpha_loss": 0.00010698864934965968, "temperature/agent_1_alpha": 0.02748105488717556, "final/best_return": 841.1746215820312, "final/total_time": 1375.8292515277863, "final/final_return": 544.1434936523438, "_wandb": {"runtime": 1375}}