{"training/timesteps": 7946240, "training/loop": 59, "evaluation/mean_return": 812.4093627929688, "evaluation/best_return": 894.5006103515625, "evaluation/return_std": 3.8991446495056152, "losses/critic_loss": 1.3028240203857422, "losses/actor_loss_mean": -204.72930908203125, "losses/alpha_loss_mean": -1.26673166960245e-05, "temperature/alpha_mean": 0.014217480085790157, "performance/timesteps_per_second": 5863.814890190602, "performance/loop_time": 22.352683782577515, "performance/total_time": 1369.3482284545898, "training/replay_buffer_size": 1000000, "training/training_steps": 2334720, "_timestamp": 1753701640.8924205, "_runtime": 1370.5503685474396, "_step": 180, "losses/agent_0_actor_loss": -204.7211456298828, "losses/agent_0_alpha_loss": 7.497796104871668e-06, "temperature/agent_0_alpha": 0.016956258565187454, "losses/agent_1_actor_loss": -204.73751831054688, "losses/agent_1_alpha_loss": -3.283244222984649e-05, "temperature/agent_1_alpha": 0.011478702537715435, "final/best_return": 894.5006103515625, "final/total_time": 1369.3482284545898, "final/final_return": 812.4093627929688, "_wandb": {"runtime": 1369}}