{"training/timesteps": 7946240, "training/loop": 59, "evaluation/mean_return": 745.5148315429688, "evaluation/best_return": 993.5020751953125, "evaluation/return_std": 6.887591361999512, "losses/critic_loss": 1.2259249687194824, "losses/actor_loss_mean": -44.37031173706055, "losses/alpha_loss_mean": 1.5519373164352146e-06, "temperature/alpha_mean": 0.01866549625992775, "performance/timesteps_per_second": 7210.138877124585, "performance/loop_time": 18.178845405578613, "performance/total_time": 1112.471521615982, "training/replay_buffer_size": 1000000, "training/training_steps": 2334720, "_timestamp": 1754310407.637296, "_runtime": 1119.9869740009308, "_step": 180, "losses/agent_0_actor_loss": -44.36860275268555, "losses/agent_0_alpha_loss": 5.518787929759128e-06, "temperature/agent_0_alpha": 0.02093522809445858, "losses/agent_1_actor_loss": -44.372013092041016, "losses/agent_1_alpha_loss": -2.4149110231519444e-06, "temperature/agent_1_alpha": 0.01639576442539692, "final/best_return": 993.5020751953125, "final/total_time": 1112.471521615982, "final/final_return": 745.5148315429688, "_wandb": {"runtime": 1113}}