{"training/timesteps": 868352, "training/loop": 2, "evaluation/mean_return": 358.92779541015625, "evaluation/best_return": 358.92779541015625, "evaluation/return_std": 32.876075744628906, "losses/critic_loss_mean": 4.166297912597656, "losses/actor_loss_mean": -21.076847076416016, "losses/alpha_loss_mean": 7.415289019263582e-06, "temperature/alpha_mean": 0.0005547403125092387, "performance/timesteps_per_second": 3298.245693145625, "performance/loop_time": 79.47982788085938, "performance/total_time": 257.90721225738525, "training/replay_buffer_size": 868352, "training/training_steps": 786432, "_timestamp": 1754412830.2208552, "_runtime": 259.08376717567444, "_step": 8, "agents/agent_0/actor_loss": -21.9127140045166, "agents/agent_0/critic_loss": 3.198378086090088, "agents/agent_0/alpha_loss": -6.926627520442707e-07, "agents/agent_0/alpha": 0.0004956471966579556, "agents/agent_1/actor_loss": -20.240982055664062, "agents/agent_1/critic_loss": 5.134218215942383, "agents/agent_1/alpha_loss": 1.552324101794511e-05, "agents/agent_1/alpha": 0.0006138333701528609}