{"training/timesteps": 7946240, "training/loop": 59, "evaluation/mean_return": 857.08984375, "evaluation/best_return": 1012.0538940429688, "evaluation/return_std": 3.643418312072754, "losses/critic_loss": 1.3323628902435303, "losses/actor_loss_mean": -41.85683059692383, "losses/alpha_loss": 2.668138222361449e-05, "temperature/alpha_mean": 0.03340436518192291, "performance/timesteps_per_second": 5119.821402104164, "performance/loop_time": 25.600893020629883, "performance/total_time": 1538.1421947479248, "training/replay_buffer_size": 1000000, "training/training_steps": 3932160, "_timestamp": 1754389971.3138258, "_runtime": 1539.1555178165436, "_step": 180, "losses/agent_0_actor_loss": -41.85619354248047, "losses/agent_1_actor_loss": -41.85746383666992, "final/best_return": 1012.0538940429688, "final/total_time": 1538.1421947479248, "final/final_return": 857.08984375, "_wandb": {"runtime": 1538}}