{"training/timesteps": 1916928, "training/loop": 13, "evaluation/mean_return": 408.3470764160156, "evaluation/best_return": 411.4033203125, "evaluation/return_std": 21.756553649902344, "losses/critic_loss": 0.25006726384162903, "losses/actor_loss_mean": -133.9990234375, "losses/alpha_loss_mean": 3.0469302146229893e-05, "temperature/alpha_mean": 0.01791161671280861, "performance/timesteps_per_second": 5887.606537649108, "performance/loop_time": 22.262357234954834, "performance/total_time": 332.32540130615234, "training/replay_buffer_size": 1000000, "training/training_steps": 544768, "_timestamp": 1753782997.9587927, "_runtime": 334.73422479629517, "_step": 41, "losses/agent_0_actor_loss": -133.9971466064453, "losses/agent_0_alpha_loss": 6.39262143522501e-05, "temperature/agent_0_alpha": 0.01917310617864132, "losses/agent_1_actor_loss": -134.00088500976562, "losses/agent_1_alpha_loss": -2.98758777717012e-06, "temperature/agent_1_alpha": 0.01665012538433075}