{"training/timesteps": 7946240, "training/loop": 59, "evaluation/mean_return": 928.2214965820312, "evaluation/best_return": 1356.161865234375, "evaluation/return_std": 2.267911195755005, "losses/critic_loss": 1.1446503400802612, "losses/actor_loss_mean": -43.06996536254883, "losses/alpha_loss_mean": 3.879925498040393e-05, "temperature/alpha": 0.02940344251692295, "performance/timesteps_per_second": 8669.399527200629, "performance/loop_time": 15.118924856185913, "performance/total_time": 939.1526837348938, "training/replay_buffer_size": 1000000, "training/training_steps": 2334720, "_timestamp": 1754636755.0218048, "_runtime": 940.3131148815155, "_step": 180, "losses/agent_0_actor_loss": -43.06868362426758, "losses/agent_1_actor_loss": -43.07124328613281, "final/best_return": 1356.161865234375, "final/total_time": 939.1526837348938, "final/final_return": 928.2214965820312, "_wandb": {"runtime": 939}}