{"training/timesteps": 7946240, "training/loop": 59, "evaluation/mean_return": 856.76318359375, "evaluation/best_return": 1177.0950927734375, "evaluation/return_std": 14.224370002746582, "losses/critic_loss": 6.69643497467041, "losses/actor_loss_mean": -44.225677490234375, "losses/alpha_loss": 4.588402225635946e-05, "temperature/alpha_mean": 0.008947458118200302, "performance/timesteps_per_second": 7243.379481348155, "performance/loop_time": 18.095420837402344, "performance/total_time": 1103.5462067127228, "training/replay_buffer_size": 1000000, "training/training_steps": 3932160, "_timestamp": 1754391281.7916377, "_runtime": 1104.6359267234802, "_step": 180, "losses/agent_0_actor_loss": -44.225738525390625, "losses/agent_1_actor_loss": -44.225616455078125, "final/best_return": 1177.0950927734375, "final/total_time": 1103.5462067127228, "final/final_return": 856.76318359375, "_wandb": {"runtime": 1103}}