{"training/timesteps": 3620864, "training/loop": 26, "evaluation/mean_return": 485.1091003417969, "evaluation/best_return": 501.638916015625, "evaluation/return_std": 3.0546348094940186, "losses/critic_loss": 0.15526115894317627, "losses/actor_loss_mean": -38.59700012207031, "losses/alpha_loss_mean": -7.027478204690851e-06, "temperature/alpha": 0.014959919266402721, "performance/timesteps_per_second": 6935.732921684223, "performance/loop_time": 18.898074865341187, "performance/total_time": 539.6028437614441, "training/replay_buffer_size": 1000000, "training/training_steps": 1050624, "agent/actor_std_mean": 0.6449302434921265, "_timestamp": 1754738148.3423991, "_runtime": 542.3036670684814, "_step": 80, "losses/agent_0_actor_loss": -38.59990692138672, "agent/agent_0_std": 0.6358788013458252, "losses/agent_1_actor_loss": -38.59408950805664, "agent/agent_1_std": 0.6539816856384277}