{"training/timesteps": 7028736, "training/loop": 52, "evaluation/mean_return": 612.78759765625, "evaluation/best_return": 646.5553588867188, "evaluation/return_std": 2.504363536834717, "losses/critic_loss": 0.09928206354379654, "losses/actor_loss_mean": -173.9042510986328, "losses/alpha_loss_mean": 1.5835474187042564e-05, "temperature/alpha_mean": 0.021806912496685982, "performance/timesteps_per_second": 5804.475651471989, "performance/loop_time": 22.58119559288025, "performance/total_time": 1229.2864315509796, "training/replay_buffer_size": 1000000, "training/training_steps": 2062336, "_timestamp": 1753696010.097585, "_runtime": 1230.4905478954315, "_step": 158, "losses/agent_0_actor_loss": -173.90846252441406, "losses/agent_0_alpha_loss": 4.212641670164885e-06, "temperature/agent_0_alpha": 0.01900164783000946, "losses/agent_1_actor_loss": -173.90003967285156, "losses/agent_1_alpha_loss": 2.7458296244731173e-05, "temperature/agent_1_alpha": 0.024612177163362503}