{"training/timesteps": 4145152, "training/loop": 30, "evaluation/mean_return": 525.861572265625, "evaluation/best_return": 574.6516723632812, "evaluation/return_std": 3.4246459007263184, "losses/critic_loss": 0.13769057393074036, "losses/actor_loss_mean": -165.0897979736328, "losses/alpha_loss_mean": 8.202993740269449e-06, "temperature/alpha_mean": 0.013854163698852062, "performance/timesteps_per_second": 5815.548430650522, "performance/loop_time": 22.538201093673706, "performance/total_time": 715.6220695972443, "training/replay_buffer_size": 1000000, "training/training_steps": 1206272, "_timestamp": 1753694713.8848355, "_runtime": 716.7911334037781, "_step": 92, "losses/agent_0_actor_loss": -165.0888214111328, "losses/agent_0_alpha_loss": 1.6464036889374256e-06, "temperature/agent_0_alpha": 0.014494168572127819, "losses/agent_1_actor_loss": -165.0907745361328, "losses/agent_1_alpha_loss": 1.4759575606149156e-05, "temperature/agent_1_alpha": 0.013214156962931156}