{"training/timesteps": 1392640, "training/loop": 9, "evaluation/mean_return": 330.0688171386719, "evaluation/best_return": 335.9013366699219, "evaluation/return_std": 1.4397993087768555, "losses/critic_loss": 0.13492336869239807, "losses/actor_loss_mean": -30.650724411010742, "losses/alpha_loss_mean": 8.792308653937653e-05, "temperature/alpha": 0.027571385726332664, "performance/timesteps_per_second": 7427.667362160097, "performance/loop_time": 17.64645528793335, "performance/total_time": 203.90384554862976, "training/replay_buffer_size": 1000000, "training/training_steps": 389120, "_timestamp": 1754489707.0299757, "_runtime": 204.95413374900818, "_step": 29, "losses/agent_0_actor_loss": -30.648107528686523, "losses/agent_1_actor_loss": -30.653337478637695}