{"training/timesteps": 7815168, "training/loop": 58, "evaluation/mean_return": 2253.70849609375, "evaluation/best_return": 2303.058349609375, "evaluation/return_std": 262.2879638671875, "losses/critic_loss": 6.265283584594727, "losses/actor_loss_mean": -54.917724609375, "losses/alpha_loss": 0.00018089645891450346, "temperature/alpha_mean": 0.04773123934864998, "performance/timesteps_per_second": 7222.241176242156, "performance/loop_time": 18.148383140563965, "performance/total_time": 1080.2819266319275, "training/replay_buffer_size": 1000000, "training/training_steps": 3866624, "_timestamp": 1754404757.0695896, "_runtime": 1081.359775543213, "_step": 176, "losses/agent_0_actor_loss": -54.92263412475586, "losses/agent_1_actor_loss": -54.91281509399414}