{"training/timesteps": 1064960, "training/loop": 14, "evaluation/mean_return": 536.0877075195312, "evaluation/best_return": 690.1637573242188, "evaluation/return_std": 11.153873443603516, "losses/critic_loss": 2.454793930053711, "losses/actor_loss_mean": -35.38007354736328, "losses/alpha_loss_mean": 1.0128689609700814e-05, "temperature/alpha": 0.0010953370947390795, "performance/timesteps_per_second": 3363.9166810920415, "performance/loop_time": 19.482052087783813, "performance/total_time": 310.9783205986023, "training/replay_buffer_size": 1000000, "training/training_steps": 983040, "_timestamp": 1754741922.0293, "_runtime": 313.64714002609253, "_step": 45, "losses/agent_0_actor_loss": -35.371070861816406, "losses/agent_1_actor_loss": -35.389076232910156, "final/best_return": 690.1637573242188, "final/total_time": 310.9783205986023, "final/final_return": 536.0877075195312, "_wandb": {"runtime": 312}}