{"training/timesteps": 7946240, "training/loop": 59, "evaluation/mean_return": 584.3799438476562, "evaluation/best_return": 584.3799438476562, "evaluation/return_std": 2.9443116188049316, "losses/critic_loss": 0.13834337890148163, "losses/actor_loss_mean": -40.407806396484375, "losses/alpha_loss_mean": 4.422503934620181e-06, "temperature/alpha": 0.000540092762093991, "performance/timesteps_per_second": 7095.925872721566, "performance/loop_time": 18.471444368362427, "performance/total_time": 1137.607623577118, "training/replay_buffer_size": 1000000, "training/training_steps": 2334720, "agent/actor_std_mean": 0.08111876249313354, "_timestamp": 1754707109.8123915, "_runtime": 1138.882973432541, "_step": 180, "losses/agent_0_actor_loss": -40.40959930419922, "agent/agent_0_std": 0.07616391032934189, "losses/agent_1_actor_loss": -40.40601348876953, "agent/agent_1_std": 0.0860736146569252, "final/best_return": 584.3799438476562, "final/total_time": 1137.607623577118, "final/final_return": 584.3799438476562, "_wandb": {"runtime": 1137}}