{"training/timesteps": 7946240, "training/loop": 59, "evaluation/mean_return": 1033.5498046875, "evaluation/best_return": 1286.733642578125, "evaluation/return_std": 84.79084777832031, "losses/critic_loss": 3.8784573078155518, "losses/actor_loss_mean": -39.25995635986328, "losses/alpha_loss_mean": 0.0016229484463110566, "temperature/alpha": 0.05647245794534683, "performance/timesteps_per_second": 7187.537908393285, "performance/loop_time": 18.236008167266846, "performance/total_time": 1139.381869316101, "training/replay_buffer_size": 1000000, "training/training_steps": 2334720, "_timestamp": 1754650071.5686746, "_runtime": 1140.5539314746857, "_step": 180, "losses/agent_0_actor_loss": -39.25499725341797, "losses/agent_1_actor_loss": -39.26491165161133, "final/best_return": 1286.733642578125, "final/total_time": 1139.381869316101, "final/final_return": 1033.5498046875, "_wandb": {"runtime": 1139}}