{"training/timesteps": 7946240, "training/loop": 59, "evaluation/mean_return": 503.3943786621094, "evaluation/best_return": 1001.2999267578125, "evaluation/return_std": 3.0383238792419434, "losses/critic_loss": 2.1108100414276123, "losses/actor_loss_mean": -34.44198226928711, "losses/alpha_loss_mean": 0.0006257877685129642, "temperature/alpha": 0.051099006086587906, "performance/timesteps_per_second": 7432.662230695255, "performance/loop_time": 17.634596586227417, "performance/total_time": 1090.6315429210663, "training/replay_buffer_size": 1000000, "training/training_steps": 2334720, "_timestamp": 1754485537.2481315, "_runtime": 1091.6322433948517, "_step": 180, "losses/agent_0_actor_loss": -34.446929931640625, "losses/agent_1_actor_loss": -34.43703079223633, "final/best_return": 1001.2999267578125, "final/total_time": 1090.6315429210663, "final/final_return": 503.3943786621094, "_wandb": {"runtime": 1090}}