{"training/timesteps": 7946240, "training/loop": 59, "evaluation/mean_return": 665.2468872070312, "evaluation/best_return": 1116.2620849609375, "evaluation/return_std": 5.767795562744141, "losses/critic_loss": 0.09691117703914642, "losses/actor_loss_mean": -175.9419708251953, "losses/alpha_loss_mean": -2.038961974903941e-05, "temperature/alpha_mean": 0.020164476707577705, "performance/timesteps_per_second": 5691.8874878716715, "performance/loop_time": 23.027862071990967, "performance/total_time": 1342.8318104743958, "training/replay_buffer_size": 1000000, "training/training_steps": 2334720, "_timestamp": 1753794595.4670162, "_runtime": 1349.0249831676483, "_step": 180, "losses/agent_0_actor_loss": -175.9387664794922, "losses/agent_0_alpha_loss": -2.6984946089214645e-05, "temperature/agent_0_alpha": 0.022303879261016846, "losses/agent_1_actor_loss": -175.9451904296875, "losses/agent_1_alpha_loss": -1.3794290680380072e-05, "temperature/agent_1_alpha": 0.018025072291493416, "final/best_return": 1116.2620849609375, "final/total_time": 1342.8318104743958, "final/final_return": 665.2468872070312, "_wandb": {"runtime": 1343}}