{"training/timesteps": 7946240, "training/loop": 59, "evaluation/mean_return": 955.4075317382812, "evaluation/best_return": 1443.2723388671875, "evaluation/return_std": 18.144315719604492, "losses/critic_loss": 2.573915719985962, "losses/actor_loss_mean": -191.93887329101562, "losses/alpha_loss_mean": 2.7228502403886523e-06, "temperature/alpha_mean": 0.03508523106575012, "performance/timesteps_per_second": 5914.018342804914, "performance/loop_time": 22.16293430328369, "performance/total_time": 1348.0252895355225, "training/replay_buffer_size": 1000000, "training/training_steps": 2334720, "_timestamp": 1753787583.5848222, "_runtime": 1350.0710501670837, "_step": 180, "losses/agent_0_actor_loss": -191.9368133544922, "losses/agent_0_alpha_loss": -1.791134309314657e-05, "temperature/agent_0_alpha": 0.03649298474192619, "losses/agent_1_actor_loss": -191.94091796875, "losses/agent_1_alpha_loss": 2.3357055397354998e-05, "temperature/agent_1_alpha": 0.03367747738957405, "final/best_return": 1443.2723388671875, "final/total_time": 1348.0252895355225, "final/final_return": 955.4075317382812, "_wandb": {"runtime": 1349}}