{"training/timesteps": 4538368, "training/loop": 33, "evaluation/mean_return": 275.4076843261719, "evaluation/best_return": 1024.2637939453125, "evaluation/return_std": 1.9816820621490479, "losses/critic_loss": 2.1219286918640137, "losses/actor_loss_mean": -31.413997650146484, "losses/alpha_loss_mean": -0.00909557193517685, "temperature/alpha_mean": 0.03512927144765854, "performance/timesteps_per_second": 7301.761385211635, "performance/loop_time": 17.950737237930298, "performance/total_time": 645.9443933963776, "training/replay_buffer_size": 1000000, "training/training_steps": 1323008, "_timestamp": 1754325344.2302055, "_runtime": 647.1597664356232, "_step": 101, "losses/agent_0_actor_loss": -31.4166202545166, "losses/agent_0_alpha_loss": -0.0068727717734873295, "temperature/agent_0_alpha": 0.030035417526960373, "losses/agent_1_actor_loss": -31.4113826751709, "losses/agent_1_alpha_loss": -0.011318373493850231, "temperature/agent_1_alpha": 0.04022311419248581}