{"training/timesteps": 7946240, "training/loop": 59, "evaluation/mean_return": 652.1103515625, "evaluation/best_return": 671.0977172851562, "evaluation/return_std": 1.953850269317627, "losses/critic_loss": 0.21859440207481384, "losses/actor_loss_mean": -41.37119674682617, "losses/alpha_loss_mean": -1.308924129261868e-05, "temperature/alpha": 0.0177476666867733, "performance/timesteps_per_second": 9546.504816058727, "performance/loop_time": 13.729841709136963, "performance/total_time": 852.7993371486664, "training/replay_buffer_size": 1000000, "training/training_steps": 2334720, "_timestamp": 1754741008.603534, "_runtime": 855.4350988864899, "_step": 180, "losses/agent_0_actor_loss": -41.37118911743164, "losses/agent_1_actor_loss": -41.37119674682617, "final/best_return": 671.0977172851562, "final/total_time": 852.7993371486664, "final/final_return": 652.1103515625, "_wandb": {"runtime": 854}}