{"training/timesteps": 7946240, "training/loop": 59, "evaluation/mean_return": 850.3698120117188, "evaluation/best_return": 917.9112548828125, "evaluation/return_std": 3.6287014484405518, "losses/critic_loss": 0.12846843898296356, "losses/actor_loss_mean": -47.05632781982422, "losses/alpha_loss_mean": 2.164745455957018e-05, "temperature/alpha": 0.020245203748345375, "performance/timesteps_per_second": 6844.211336055352, "performance/loop_time": 19.150782108306885, "performance/total_time": 1188.681039094925, "training/replay_buffer_size": 1000000, "training/training_steps": 2334720, "_timestamp": 1754748794.8154588, "_runtime": 1191.2419607639313, "_step": 180, "losses/agent_0_actor_loss": -47.0588493347168, "losses/agent_1_actor_loss": -47.05379867553711, "final/best_return": 917.9112548828125, "final/total_time": 1188.681039094925, "final/final_return": 850.3698120117188, "_wandb": {"runtime": 1190}}