{"training/timesteps": 4145152, "training/loop": 30, "evaluation/mean_return": 650.5225830078125, "evaluation/best_return": 741.053466796875, "evaluation/return_std": 7.812135219573975, "losses/critic_loss": 1.4573676586151123, "losses/actor_loss_mean": -186.23532104492188, "performance/timesteps_per_second": 5815.603552483233, "performance/loop_time": 22.53798747062683, "performance/total_time": 722.433587551117, "training/replay_buffer_size": 1000000, "training/training_steps": 1206272, "_timestamp": 1754751546.0929236, "_runtime": 725.2698826789856, "_step": 92, "losses/agent_0_loss": -186.23532104492188, "losses/agent_1_loss": -186.23532104492188}