{"training/timesteps": 7946240, "training/loop": 59, "evaluation/mean_return": 607.5170288085938, "evaluation/best_return": 1172.5830078125, "evaluation/return_std": 2.1348187923431396, "losses/critic_loss": 1.4273308515548706, "losses/actor_loss_mean": -40.510169982910156, "losses/alpha_loss_mean": 1.0307893717254046e-05, "temperature/alpha_mean": 0.026117820292711258, "performance/timesteps_per_second": 7240.763950246132, "performance/loop_time": 18.101957321166992, "performance/total_time": 1112.4694428443909, "training/replay_buffer_size": 1000000, "training/training_steps": 2334720, "_timestamp": 1754300360.9359422, "_runtime": 1115.6547422409058, "_step": 180, "losses/agent_0_actor_loss": -40.50990676879883, "losses/agent_0_alpha_loss": -4.493185770115815e-06, "temperature/agent_0_alpha": 0.026757176965475082, "losses/agent_1_actor_loss": -40.510433197021484, "losses/agent_1_alpha_loss": 2.510897502361331e-05, "temperature/agent_1_alpha": 0.025478459894657135, "final/best_return": 1172.5830078125, "final/total_time": 1112.4694428443909, "final/final_return": 607.5170288085938, "_wandb": {"runtime": 1113}}