{"training/timesteps": 5455872, "training/loop": 40, "evaluation/mean_return": 488.1708984375, "evaluation/best_return": 491.6315612792969, "evaluation/return_std": 4.30313777923584, "losses/critic_loss": 0.06491968780755997, "losses/actor_loss_mean": -40.82620620727539, "losses/alpha_loss_mean": 2.5984502372011775e-06, "temperature/alpha": 0.00028175051556900144, "performance/timesteps_per_second": 6969.252375263428, "performance/loop_time": 18.80718231201172, "performance/total_time": 792.8602950572968, "training/replay_buffer_size": 1000000, "training/training_steps": 1595392, "_timestamp": 1754709042.8439288, "_runtime": 795.2178359031677, "_step": 122, "losses/agent_0_actor_loss": -40.82704544067383, "losses/agent_1_actor_loss": -40.82535934448242}