{"training/timesteps": 7946240, "training/loop": 59, "evaluation/mean_return": 571.0385131835938, "evaluation/best_return": 1000.9933471679688, "evaluation/return_std": 3.6082956790924072, "losses/critic_loss": 1.3894190788269043, "losses/actor_loss_mean": -31.030826568603516, "losses/alpha_loss_mean": 2.177386159019079e-05, "temperature/alpha": 0.018405236303806305, "performance/timesteps_per_second": 7522.664036888811, "performance/loop_time": 17.423614740371704, "performance/total_time": 1071.7124428749084, "training/replay_buffer_size": 1000000, "training/training_steps": 2334720, "_timestamp": 1754496799.0417087, "_runtime": 1072.769372701645, "_step": 180, "losses/agent_0_actor_loss": -31.040300369262695, "losses/agent_1_actor_loss": -31.0213565826416, "final/best_return": 1000.9933471679688, "final/total_time": 1071.7124428749084, "final/final_return": 571.0385131835938, "_wandb": {"runtime": 1071}}