{"training/timesteps": 6897664, "training/loop": 51, "evaluation/mean_return": 730.6128540039062, "evaluation/best_return": 793.9163818359375, "evaluation/return_std": 17.151369094848633, "losses/critic_loss": 0.6630222201347351, "losses/actor_loss_mean": -53.57190704345703, "losses/alpha_loss_mean": 8.509792678523809e-06, "temperature/alpha": 0.024981750175356865, "performance/timesteps_per_second": 2399.579987757317, "performance/loop_time": 54.62289261817932, "performance/total_time": 2872.458246946335, "training/replay_buffer_size": 1000000, "training/training_steps": 6815744, "_timestamp": 1754803470.335746, "_runtime": 2875.0828399658203, "_step": 155, "losses/agent_0_actor_loss": -53.573814392089844, "losses/agent_1_actor_loss": -53.56999969482422}