{"training/timesteps": 999424, "training/loop": 6, "evaluation/mean_return": 266.6661682128906, "evaluation/best_return": 348.07666015625, "evaluation/return_std": 10.17513656616211, "losses/critic_loss": 1.3102757930755615, "losses/actor_loss_mean": -27.514484405517578, "losses/alpha_loss_mean": 9.755939572642092e-06, "temperature/alpha": 0.0020790668204426765, "performance/timesteps_per_second": 7460.580074125694, "performance/loop_time": 17.568607091903687, "performance/total_time": 151.12497520446777, "training/replay_buffer_size": 999424, "training/training_steps": 272384, "_timestamp": 1754488307.0269954, "_runtime": 152.1755805015564, "_step": 20, "losses/agent_0_actor_loss": -27.515384674072266, "losses/agent_1_actor_loss": -27.513587951660156}