{"training/timesteps": 4014080, "training/loop": 29, "evaluation/mean_return": 538.0433349609375, "evaluation/best_return": 552.2487182617188, "evaluation/return_std": 10.39529800415039, "losses/critic_loss": 0.15180638432502747, "losses/actor_loss_mean": -39.102455139160156, "losses/alpha_loss_mean": -2.6353969587944448e-05, "temperature/alpha": 0.017784764990210533, "performance/timesteps_per_second": 6753.532749907982, "performance/loop_time": 19.40791654586792, "performance/total_time": 583.8911137580872, "training/replay_buffer_size": 1000000, "training/training_steps": 1167360, "_timestamp": 1754747573.5958133, "_runtime": 586.4990422725677, "_step": 89, "losses/agent_0_actor_loss": -39.10289764404297, "losses/agent_1_actor_loss": -39.102012634277344}