{"error": "'dict_values' object is not subscriptable", "_timestamp": 1753241238.3400304, "_runtime": 2.8646833896636963, "_step": 0, "_wandb": {"runtime": 1}}