{"training/timesteps": 344064, "training/loop": 1, "evaluation/mean_return": 289.0453796386719, "evaluation/best_return": 289.0453796386719, "evaluation/return_std": 28.20046043395996, "losses/critic_loss": 14.355560302734375, "losses/actor_loss_mean": -23.52134895324707, "losses/alpha_loss_mean": 2.5102922916412354, "temperature/alpha": 0.31809860467910767, "performance/timesteps_per_second": 4294.202491826514, "performance/loop_time": 30.52301335334778, "performance/total_time": 77.45835089683533, "training/replay_buffer_size": 344064, "training/training_steps": 77824, "agent/actor_std_mean": 0.7796766757965088, "_timestamp": 1754736835.7236366, "_runtime": 80.4214026927948, "_step": 5, "losses/agent_0_actor_loss": -23.505176544189453, "agent/agent_0_std": 0.7460200190544128, "losses/agent_1_actor_loss": -23.537521362304688, "agent/agent_1_std": 0.8133333921432495}