{"training/timesteps": 7684096, "training/loop": 57, "evaluation/mean_return": 524.4890747070312, "evaluation/best_return": 628.2711181640625, "evaluation/return_std": 2.2187886238098145, "losses/critic_loss": 0.09777437150478363, "losses/actor_loss_mean": -39.47627258300781, "losses/alpha_loss_mean": 2.484149774772959e-07, "temperature/alpha": 0.017133018001914024, "performance/timesteps_per_second": 7072.552400600878, "performance/loop_time": 18.53248906135559, "performance/total_time": 1102.778736114502, "training/replay_buffer_size": 1000000, "training/training_steps": 2256896, "_timestamp": 1754669687.9562464, "_runtime": 1103.8420894145966, "_step": 173, "losses/agent_0_actor_loss": -39.47566223144531, "losses/agent_1_actor_loss": -39.47688293457031}