{"training/timesteps": 3883008, "training/loop": 28, "evaluation/mean_return": 607.3546752929688, "evaluation/best_return": 987.13232421875, "evaluation/return_std": 3.8045129776000977, "losses/critic_loss": 0.7154877781867981, "losses/actor_loss_mean": -39.3336181640625, "losses/alpha_loss_mean": -5.142188456375152e-05, "temperature/alpha": 0.0037415444385260344, "performance/timesteps_per_second": 7487.908043604865, "performance/loop_time": 17.504488468170166, "performance/total_time": 538.402960062027, "training/replay_buffer_size": 1000000, "training/training_steps": 1128448, "_timestamp": 1754490896.8007236, "_runtime": 539.4015774726868, "_step": 86, "losses/agent_0_actor_loss": -39.33009719848633, "losses/agent_1_actor_loss": -39.33713150024414}