{"training/timesteps": 7946240, "training/loop": 59, "evaluation/mean_return": 528.1901245117188, "evaluation/best_return": 800.9957885742188, "evaluation/return_std": 96.83638000488281, "losses/critic_loss": 1.2623919248580933, "losses/actor_loss_mean": -38.733367919921875, "losses/alpha_loss_mean": 4.910241477773525e-05, "temperature/alpha": 0.02943342551589012, "performance/timesteps_per_second": 7070.789317311096, "performance/loop_time": 18.537110090255737, "performance/total_time": 1140.8273859024048, "training/replay_buffer_size": 1000000, "training/training_steps": 2334720, "_timestamp": 1754668390.7494984, "_runtime": 1141.8626523017883, "_step": 180, "losses/agent_0_actor_loss": -38.72789001464844, "losses/agent_1_actor_loss": -38.73884582519531, "final/best_return": 800.9957885742188, "final/total_time": 1140.8273859024048, "final/final_return": 528.1901245117188, "_wandb": {"runtime": 1140}}