{"training/timesteps": 7946240, "training/loop": 59, "evaluation/mean_return": 657.1412353515625, "evaluation/best_return": 1004.2606811523438, "evaluation/return_std": 5.191079616546631, "losses/critic_loss": 0.3377954959869385, "losses/actor_loss_mean": -151.58255004882812, "losses/alpha_loss_mean": 2.830609810189344e-05, "temperature/alpha": 0.020513074472546577, "performance/timesteps_per_second": 4939.06102168493, "performance/loop_time": 26.537837743759155, "performance/total_time": 1634.392077922821, "training/replay_buffer_size": 1000000, "training/training_steps": 2334720, "_timestamp": 1754759070.7222471, "_runtime": 1637.1041560173035, "_step": 180, "losses/agent_0_actor_loss": -151.58364868164062, "losses/agent_1_actor_loss": -151.58145141601562, "final/best_return": 1004.2606811523438, "final/total_time": 1634.392077922821, "final/final_return": 657.1412353515625, "_wandb": {"runtime": 1635}}