{"training/timesteps": 7946240, "training/loop": 59, "evaluation/mean_return": 380.5433044433594, "evaluation/best_return": 384.392822265625, "evaluation/return_std": 0.957718551158905, "losses/critic_loss": 0.15615074336528778, "losses/actor_loss_mean": -33.42942810058594, "losses/alpha_loss_mean": 0.0, "temperature/alpha": 0.10000001639127731, "performance/timesteps_per_second": 7317.633930791581, "performance/loop_time": 17.911800622940063, "performance/total_time": 1088.7823555469513, "training/replay_buffer_size": 1000000, "training/training_steps": 3932160, "_timestamp": 1754475404.2351568, "_runtime": 1089.8527398109436, "_step": 180, "losses/agent_0_actor_loss": -33.42970657348633, "losses/agent_1_actor_loss": -33.42915344238281, "final/best_return": 384.392822265625, "final/total_time": 1088.7823555469513, "final/final_return": 380.5433044433594, "_wandb": {"runtime": 1088}}