{"training/timesteps": 7946240, "training/loop": 59, "evaluation/mean_return": 2428.526123046875, "evaluation/best_return": 2428.526123046875, "evaluation/return_std": 174.90200805664062, "losses/critic_loss": 0.7258198261260986, "losses/actor_loss_mean": -206.65496826171875, "losses/alpha_loss_mean": 6.290111286944011e-06, "temperature/alpha_mean": 0.0333024337887764, "performance/timesteps_per_second": 5872.998118160674, "performance/loop_time": 22.317732334136963, "performance/total_time": 1352.965334892273, "training/replay_buffer_size": 1000000, "training/training_steps": 2334720, "_timestamp": 1753784724.421153, "_runtime": 1355.1304490566254, "_step": 180, "losses/agent_0_actor_loss": -206.65501403808594, "losses/agent_0_alpha_loss": 3.0087478535278933e-06, "temperature/agent_0_alpha": 0.03324032202363014, "losses/agent_1_actor_loss": -206.65492248535156, "losses/agent_1_alpha_loss": 9.571490409143735e-06, "temperature/agent_1_alpha": 0.033364541828632355, "final/best_return": 2428.526123046875, "final/total_time": 1352.965334892273, "final/final_return": 2428.526123046875, "_wandb": {"runtime": 1354}}