{"training/timesteps": 2179072, "training/loop": 31, "evaluation/mean_return": 560.0184326171875, "evaluation/best_return": 659.2830200195312, "evaluation/return_std": 7.433578014373779, "losses/critic_loss": 29.5371150970459, "losses/actor_loss_mean": -40.2494010925293, "losses/alpha_loss_mean": -0.0001883454096969217, "temperature/alpha": 0.010288221761584282, "performance/timesteps_per_second": 3684.1324387610516, "performance/loop_time": 17.78871989250183, "performance/total_time": 585.1571106910706, "training/replay_buffer_size": 1000000, "training/training_steps": 2097152, "_timestamp": 1754477709.2718308, "_runtime": 589.5540769100189, "_step": 95, "losses/agent_0_actor_loss": -40.24723815917969, "losses/agent_1_actor_loss": -40.251564025878906}