{"training/timesteps": 1916928, "training/loop": 13, "evaluation/mean_return": 350.30218505859375, "evaluation/best_return": 370.4142150878906, "evaluation/return_std": 9.504815101623535, "losses/critic_loss": 0.578678548336029, "losses/actor_loss_mean": -68.68270111083984, "losses/alpha_loss_mean": 3.4471959224902093e-05, "temperature/alpha": 0.02715078741312027, "performance/timesteps_per_second": 6636.687152049174, "performance/loop_time": 19.74961256980896, "performance/total_time": 313.0269105434418, "training/replay_buffer_size": 1000000, "training/training_steps": 544768, "_timestamp": 1754795087.0516062, "_runtime": 315.5945951938629, "_step": 55, "losses/agent_0_actor_loss": -68.68193817138672, "losses/agent_1_actor_loss": -68.68585205078125, "losses/agent_2_actor_loss": -68.6803207397461}