{"training/timesteps": 7946240, "training/loop": 119, "evaluation/mean_return": 82.96660614013672, "evaluation/best_return": 1032.4683837890625, "evaluation/return_std": 6.224277973175049, "losses/critic_loss": 10.561742782592773, "losses/actor_loss_mean": -44.139686584472656, "losses/alpha_loss_mean": -8.316400635521859e-05, "temperature/alpha": 0.026271864771842957, "performance/timesteps_per_second": 3621.753779423976, "performance/loop_time": 18.09510087966919, "performance/total_time": 2188.337087392807, "training/replay_buffer_size": 1000000, "training/training_steps": 7864320, "_timestamp": 1754483264.2352297, "_runtime": 2189.3161447048187, "_step": 360, "losses/agent_0_actor_loss": -44.13872528076172, "losses/agent_1_actor_loss": -44.14065170288086, "final/best_return": 1032.4683837890625, "final/total_time": 2188.337087392807, "final/final_return": 82.96660614013672, "_wandb": {"runtime": 2188}}