{"training/timesteps": 6766592, "training/loop": 50, "evaluation/mean_return": 490.4799499511719, "evaluation/best_return": 563.2111206054688, "evaluation/return_std": 3.424311399459839, "losses/critic_loss_mean": 22.639236450195312, "losses/actor_loss_mean": -39.4757080078125, "losses/alpha_loss_mean": -2.2272468413575552e-05, "temperature/alpha_mean": 0.012051462195813656, "performance/timesteps_per_second": 5340.733014853823, "performance/loop_time": 24.54194951057434, "performance/total_time": 1255.4350187778473, "training/replay_buffer_size": 1000000, "training/training_steps": 3342336, "_timestamp": 1754409808.0086973, "_runtime": 1256.5463073253632, "_step": 152, "agents/agent_0/actor_loss": -39.34925842285156, "agents/agent_0/critic_loss": 22.518892288208008, "agents/agent_0/alpha_loss": -2.241819311166182e-05, "agents/agent_0/alpha": 0.012560240924358368, "agents/agent_1/actor_loss": -39.6021614074707, "agents/agent_1/critic_loss": 22.75958251953125, "agents/agent_1/alpha_loss": -2.2126743715489283e-05, "agents/agent_1/alpha": 0.011542683467268944}