{"training/timesteps": 7946240, "training/loop": 59, "evaluation/mean_return": 515.9476318359375, "evaluation/best_return": 996.1568603515625, "evaluation/return_std": 3.156440019607544, "losses/critic_loss": 0.10405077785253525, "losses/actor_loss_mean": -41.37363815307617, "losses/alpha_loss_mean": 0.0, "temperature/alpha_mean": 0.10000000894069672, "performance/timesteps_per_second": 7161.1678170634905, "performance/loop_time": 18.303159952163696, "performance/total_time": 1115.1862654685974, "training/replay_buffer_size": 1000000, "training/training_steps": 2334720, "_timestamp": 1754331231.4036276, "_runtime": 1116.236528635025, "_step": 180, "losses/agent_0_actor_loss": -41.37441635131836, "losses/agent_0_alpha_loss": 0.0, "temperature/agent_0_alpha": 0.10000000894069672, "losses/agent_1_actor_loss": -41.372859954833984, "losses/agent_1_alpha_loss": 0.0, "temperature/agent_1_alpha": 0.10000000894069672, "final/best_return": 996.1568603515625, "final/total_time": 1115.1862654685974, "final/final_return": 515.9476318359375, "_wandb": {"runtime": 1115}}