{"training/timesteps": 1523712, "training/loop": 21, "evaluation/mean_return": 485.67706298828125, "evaluation/best_return": 556.4675903320312, "evaluation/return_std": 4.447190761566162, "losses/critic_loss": 2.919990062713623, "losses/actor_loss_mean": -35.8515739440918, "losses/alpha_loss_mean": -5.560465797316283e-05, "temperature/alpha": 0.005139566492289305, "performance/timesteps_per_second": 3353.219563530649, "performance/loop_time": 19.544201850891113, "performance/total_time": 455.62186217308044, "training/replay_buffer_size": 1000000, "training/training_steps": 1441792, "_timestamp": 1754743864.7816894, "_runtime": 458.4328944683075, "_step": 65, "losses/agent_0_actor_loss": -35.851070404052734, "losses/agent_1_actor_loss": -35.85207748413086}