{"training/timesteps": 7946240, "training/loop": 59, "evaluation/mean_return": 682.5975341796875, "evaluation/best_return": 744.7763061523438, "evaluation/return_std": 8.495011329650879, "losses/critic_loss": 0.40338370203971863, "losses/actor_loss_mean": -46.08664321899414, "losses/alpha_loss_mean": 4.8666781367501244e-05, "temperature/alpha_mean": 0.02446197159588337, "performance/timesteps_per_second": 7112.489397851825, "performance/loop_time": 18.428428173065186, "performance/total_time": 1134.1083054542542, "training/replay_buffer_size": 1000000, "training/training_steps": 2334720, "_timestamp": 1754304236.8312767, "_runtime": 1136.5230016708374, "_step": 180, "losses/agent_0_actor_loss": -46.085758209228516, "losses/agent_0_alpha_loss": -1.3352777386899106e-05, "temperature/agent_0_alpha": 0.0267195962369442, "losses/agent_1_actor_loss": -46.0875358581543, "losses/agent_1_alpha_loss": 0.000110686341940891, "temperature/agent_1_alpha": 0.02220435068011284, "final/best_return": 744.7763061523438, "final/total_time": 1134.1083054542542, "final/final_return": 682.5975341796875, "_wandb": {"runtime": 1135}}