{"training/timesteps": 3096576, "training/loop": 22, "evaluation/mean_return": 498.28155517578125, "evaluation/best_return": 498.28155517578125, "evaluation/return_std": 4.725188732147217, "losses/critic_loss": 0.6108792424201965, "losses/actor_loss_mean": -37.58498764038086, "losses/alpha_loss_mean": 2.7052969016949646e-05, "temperature/alpha_mean": 0.010697905905544758, "performance/timesteps_per_second": 7246.232234864913, "performance/loop_time": 18.08829689025879, "performance/total_time": 442.3676152229309, "training/replay_buffer_size": 1000000, "training/training_steps": 894976, "_timestamp": 1754305488.1081305, "_runtime": 444.77566146850586, "_step": 68, "losses/agent_0_actor_loss": -37.5859489440918, "losses/agent_0_alpha_loss": 3.328519596834667e-05, "temperature/agent_0_alpha": 0.00941820815205574, "losses/agent_1_actor_loss": -37.584014892578125, "losses/agent_1_alpha_loss": 2.082074024656322e-05, "temperature/agent_1_alpha": 0.011977603659033775}