{"training/timesteps": 7946240, "training/loop": 59, "evaluation/mean_return": 695.49951171875, "evaluation/best_return": 1227.7481689453125, "evaluation/return_std": 5.185396671295166, "losses/critic_loss": 2.0390613079071045, "losses/actor_loss_mean": -42.02080535888672, "losses/alpha_loss_mean": 4.927542613586411e-05, "temperature/alpha": 0.025258604437112808, "performance/timesteps_per_second": 7116.032203604569, "performance/loop_time": 18.4192533493042, "performance/total_time": 1115.6999969482422, "training/replay_buffer_size": 1000000, "training/training_steps": 3932160, "_timestamp": 1754408391.4111683, "_runtime": 1116.7288982868195, "_step": 180, "losses/agent_0_actor_loss": -42.022560119628906, "losses/agent_1_actor_loss": -42.019046783447266, "final/best_return": 1227.7481689453125, "final/total_time": 1115.6999969482422, "final/final_return": 695.49951171875, "_wandb": {"runtime": 1115}}