{"training/timesteps": 212992, "training/loop": 0, "evaluation/mean_return": 22.68488883972168, "evaluation/best_return": 22.68488883972168, "evaluation/return_std": 3.249998092651367, "losses/critic_loss": 5.322540283203125, "losses/actor_loss_mean": -37.080650329589844, "losses/alpha_loss": 0.3385404348373413, "temperature/alpha_mean": 0.2551589608192444, "performance/timesteps_per_second": 3139.26599368444, "performance/loop_time": 41.75243520736694, "performance/total_time": 41.752437114715576, "training/replay_buffer_size": 212992, "training/training_steps": 65536, "_timestamp": 1754388350.3248577, "_runtime": 42.93774962425232, "_step": 1, "error": "mean requires ndarray or scalar arguments, got <class 'tuple'> at position 0.", "_wandb": {"runtime": 41}}