{"training/timesteps": 7946240, "training/loop": 59, "evaluation/mean_return": 404.415283203125, "evaluation/best_return": 1222.523193359375, "evaluation/return_std": 121.00645446777344, "losses/critic_loss": 36695844061184.0, "losses/actor_loss_mean": 1732632.375, "losses/alpha_loss": -56.99574279785156, "temperature/alpha_mean": 194.33172607421875, "performance/timesteps_per_second": 7285.84157992642, "performance/loop_time": 17.989960193634033, "performance/total_time": 1094.1681535243988, "training/replay_buffer_size": 1000000, "training/training_steps": 3932160, "_timestamp": 1754403260.0790017, "_runtime": 1095.2391667366028, "_step": 180, "losses/agent_0_actor_loss": 1730579.5, "losses/agent_1_actor_loss": 1734685.5, "final/best_return": 1222.523193359375, "final/total_time": 1094.1681535243988, "final/final_return": 404.415283203125, "_wandb": {"runtime": 1094}}