{"training/timesteps": 212992, "training/loop": 0, "evaluation/mean_return": -3.954052686691284, "evaluation/best_return": -3.954052686691284, "evaluation/return_std": 1.189537763595581, "losses/critic_loss": 343.89385986328125, "losses/actor_loss_mean": -130.0469970703125, "losses/alpha_loss_mean": 5.779807090759277, "temperature/alpha": 3.8288590908050537, "performance/timesteps_per_second": 3830.0477088827233, "performance/loop_time": 34.22202801704407, "performance/total_time": 34.22203016281128, "training/replay_buffer_size": 212992, "training/training_steps": 38912, "agent/actor_std_mean": 0.9626561403274536, "_timestamp": 1754703477.179911, "_runtime": 35.318949937820435, "_step": 1, "error": "Only scalar arrays can be converted to Python scalars; got arr.ndim=1", "_wandb": {"runtime": 34}}