{"training/timesteps": 5455872, "training/loop": 40, "evaluation/mean_return": 681.0110473632812, "evaluation/best_return": 691.6322631835938, "evaluation/return_std": 2.964128255844116, "losses/critic_loss": 0.31470349431037903, "losses/actor_loss_mean": -40.70070266723633, "losses/alpha_loss_mean": -3.779166581807658e-05, "temperature/alpha": 0.027953775599598885, "performance/timesteps_per_second": 6903.276988137188, "performance/loop_time": 18.986924648284912, "performance/total_time": 804.5435433387756, "training/replay_buffer_size": 1000000, "training/training_steps": 1595392, "_timestamp": 1754641984.423612, "_runtime": 805.606064081192, "_step": 122, "losses/agent_0_actor_loss": -40.702674865722656, "losses/agent_1_actor_loss": -40.698726654052734}