{"training/timesteps": 7946240, "training/loop": 59, "evaluation/mean_return": 879.1736450195312, "evaluation/best_return": 1156.7451171875, "evaluation/return_std": 26.92328453063965, "losses/critic_loss": 4.241905689239502, "losses/actor_loss_mean": -39.974788665771484, "losses/alpha_loss_mean": 0.00020968305761925876, "temperature/alpha": 0.04634442552924156, "performance/timesteps_per_second": 6556.930598029877, "performance/loop_time": 19.989840984344482, "performance/total_time": 1239.0135946273804, "training/replay_buffer_size": 1000000, "training/training_steps": 2334720, "_timestamp": 1754644721.1079667, "_runtime": 1240.1052515506744, "_step": 180, "losses/agent_0_actor_loss": -39.971500396728516, "losses/agent_1_actor_loss": -39.978084564208984, "final/best_return": 1156.7451171875, "final/total_time": 1239.0135946273804, "final/final_return": 879.1736450195312, "_wandb": {"runtime": 1239}}