{"training/timesteps": 6504448, "training/loop": 48, "evaluation/mean_return": 591.5133056640625, "evaluation/best_return": 591.5133056640625, "evaluation/return_std": 8.24081802368164, "losses/critic_loss": 0.4764002859592438, "losses/actor_loss_mean": -165.9287109375, "performance/timesteps_per_second": 5838.456444285195, "performance/loop_time": 22.449769258499146, "performance/total_time": 1104.6073169708252, "training/replay_buffer_size": 1000000, "training/training_steps": 1906688, "_timestamp": 1753471835.7195158, "_runtime": 1105.637610912323, "_step": 146, "losses/agent_0_loss": -165.927734375, "losses/agent_1_loss": -165.9296875}