{"training/timesteps": 7946240, "training/loop": 59, "evaluation/mean_return": 644.6920166015625, "evaluation/best_return": 715.1478881835938, "evaluation/return_std": 3.059955358505249, "losses/critic_loss": 0.4722885489463806, "losses/actor_loss_mean": -40.00589370727539, "losses/alpha_loss_mean": -2.2234764401218854e-05, "temperature/alpha": 0.018920592963695526, "performance/timesteps_per_second": 7244.907735550314, "performance/loop_time": 18.091603755950928, "performance/total_time": 1104.6371431350708, "training/replay_buffer_size": 1000000, "training/training_steps": 3932160, "_timestamp": 1754454142.2586117, "_runtime": 1105.8126337528229, "_step": 180, "losses/agent_0_actor_loss": -40.008331298828125, "losses/agent_1_actor_loss": -40.003456115722656, "final/best_return": 715.1478881835938, "final/total_time": 1104.6371431350708, "final/final_return": 644.6920166015625, "_wandb": {"runtime": 1104}}