{"training/timesteps": 7946240, "training/loop": 59, "evaluation/mean_return": 51.50944900512695, "evaluation/best_return": 979.8585815429688, "evaluation/return_std": 1.0659488439559937, "losses/critic_loss": 1.2087488174438477, "losses/actor_loss_mean": -165.09202575683594, "losses/alpha_loss_mean": -3.9294878661166877e-05, "temperature/alpha_mean": 0.03540750965476036, "performance/timesteps_per_second": 5936.818661562248, "performance/loop_time": 22.077817678451538, "performance/total_time": 1348.2480285167694, "training/replay_buffer_size": 1000000, "training/training_steps": 2334720, "_timestamp": 1753791326.0424075, "_runtime": 1350.5087525844574, "_step": 180, "losses/agent_0_actor_loss": -165.08987426757812, "losses/agent_0_alpha_loss": -1.8824948710971512e-05, "temperature/agent_0_alpha": 0.03684569150209427, "losses/agent_1_actor_loss": -165.0941619873047, "losses/agent_1_alpha_loss": -5.9764795878436416e-05, "temperature/agent_1_alpha": 0.03396932780742645, "final/best_return": 979.8585815429688, "final/total_time": 1348.2480285167694, "final/final_return": 51.50944900512695, "_wandb": {"runtime": 1349}}