{"error": "tuple index out of range", "_timestamp": 1754406854.012441, "_runtime": 30.096547842025757, "_step": 0, "_wandb": {"runtime": 29}}