{"training/timesteps": 6897664, "training/loop": 51, "evaluation/mean_return": 613.0740356445312, "evaluation/best_return": 2219.64111328125, "evaluation/return_std": 3.594857931137085, "losses/critic_loss_mean": 21.40389633178711, "losses/actor_loss_mean": -43.01911544799805, "losses/alpha_loss_mean": -6.349048817355651e-06, "temperature/alpha_mean": 0.0005216522840783, "performance/timesteps_per_second": 5337.106517432747, "performance/loop_time": 24.55862545967102, "performance/total_time": 1285.7233378887177, "training/replay_buffer_size": 1000000, "training/training_steps": 3407872, "_timestamp": 1754411639.4662502, "_runtime": 1286.7581751346588, "_step": 155, "agents/agent_0/actor_loss": -42.8974609375, "agents/agent_0/critic_loss": 21.263050079345703, "agents/agent_0/alpha_loss": 3.8902799133211374e-06, "agents/agent_0/alpha": 0.000300657469779253, "agents/agent_1/actor_loss": -43.140769958496094, "agents/agent_1/critic_loss": 21.54474449157715, "agents/agent_1/alpha_loss": -1.658837754803244e-05, "agents/agent_1/alpha": 0.000742647098377347}