{"training/timesteps": 7946240, "training/loop": 59, "evaluation/mean_return": 815.8858642578125, "evaluation/best_return": 869.6109619140625, "evaluation/return_std": 12.11339282989502, "losses/critic_loss": 1.0577306747436523, "losses/actor_loss_mean": -47.3204460144043, "losses/alpha_loss_mean": 1.3034397738920234e-07, "temperature/alpha": 0.00012501668243203312, "performance/timesteps_per_second": 7360.925882988451, "performance/loop_time": 17.806455612182617, "performance/total_time": 1086.003300189972, "training/replay_buffer_size": 1000000, "training/training_steps": 2334720, "_timestamp": 1754487746.2045436, "_runtime": 1087.054069519043, "_step": 180, "losses/agent_0_actor_loss": -47.31924057006836, "losses/agent_1_actor_loss": -47.3216552734375, "final/best_return": 869.6109619140625, "final/total_time": 1086.003300189972, "final/final_return": 815.8858642578125, "_wandb": {"runtime": 1086}}