{"training/timesteps": 7946240, "training/loop": 59, "evaluation/mean_return": 1005.4913940429688, "evaluation/best_return": 1034.4344482421875, "evaluation/return_std": 0.3391960859298706, "losses/critic_loss": 8072.59375, "losses/actor_loss_mean": -71.06404876708984, "losses/alpha_loss_mean": 0.0, "temperature/alpha": 1.0, "performance/timesteps_per_second": 7318.23437103579, "performance/loop_time": 17.91033101081848, "performance/total_time": 1086.168142080307, "training/replay_buffer_size": 1000000, "training/training_steps": 3932160, "_timestamp": 1754466561.1591167, "_runtime": 1087.2177386283875, "_step": 180, "losses/agent_0_actor_loss": -71.05488586425781, "losses/agent_1_actor_loss": -71.07320404052734, "final/best_return": 1034.4344482421875, "final/total_time": 1086.168142080307, "final/final_return": 1005.4913940429688, "_wandb": {"runtime": 1086}}