{"training/timesteps": 7946240, "training/loop": 59, "evaluation/mean_return": 505.1928405761719, "evaluation/best_return": 1021.1656494140625, "evaluation/return_std": 1.9300885200500488, "losses/critic_loss": 0.11272544413805008, "losses/actor_loss_mean": -39.50074005126953, "losses/alpha_loss_mean": 1.0062920409836806e-05, "temperature/alpha_mean": 0.02543858252465725, "performance/timesteps_per_second": 8662.58880714916, "performance/loop_time": 15.13081169128418, "performance/total_time": 937.2274439334869, "training/replay_buffer_size": 1000000, "training/training_steps": 2334720, "_timestamp": 1754335875.676866, "_runtime": 938.365471124649, "_step": 180, "losses/agent_0_actor_loss": -39.500274658203125, "losses/agent_0_alpha_loss": 8.087793685263023e-05, "temperature/agent_0_alpha": 0.02901049330830574, "losses/agent_1_actor_loss": -39.50120162963867, "losses/agent_1_alpha_loss": -6.0752106946893036e-05, "temperature/agent_1_alpha": 0.02186667174100876, "final/best_return": 1021.1656494140625, "final/total_time": 937.2274439334869, "final/final_return": 505.1928405761719, "_wandb": {"runtime": 937}}