{"training/timesteps": 5849088, "training/loop": 43, "evaluation/mean_return": 644.680908203125, "evaluation/best_return": 714.0419311523438, "evaluation/return_std": 1.44331955909729, "losses/critic_loss": 0.15428856015205383, "losses/actor_loss_mean": -45.68968963623047, "losses/alpha_loss_mean": 2.47560838033678e-05, "temperature/alpha": 0.0210255179554224, "performance/timesteps_per_second": 7360.627163628285, "performance/loop_time": 17.807178258895874, "performance/total_time": 820.0318291187286, "training/replay_buffer_size": 1000000, "training/training_steps": 1712128, "_timestamp": 1754486624.6278198, "_runtime": 821.0903518199921, "_step": 131, "losses/agent_0_actor_loss": -45.687259674072266, "losses/agent_1_actor_loss": -45.69211959838867}