{"training/timesteps": 7159808, "training/loop": 53, "evaluation/mean_return": 848.568359375, "evaluation/best_return": 848.568359375, "evaluation/return_std": 20.515178680419922, "losses/critic_loss": 2.3661725521087646, "losses/actor_loss_mean": -36.614013671875, "losses/alpha_loss_mean": -1.0609192941046786e-05, "temperature/alpha_mean": 0.00841519981622696, "performance/timesteps_per_second": 7322.989450557683, "performance/loop_time": 17.898701190948486, "performance/total_time": 985.7642068862915, "training/replay_buffer_size": 1000000, "training/training_steps": 2101248, "_timestamp": 1754322166.7130802, "_runtime": 986.9421892166138, "_step": 161, "losses/agent_0_actor_loss": -36.61425018310547, "losses/agent_0_alpha_loss": 4.2025221773656085e-06, "temperature/agent_0_alpha": 0.0082479789853096, "losses/agent_1_actor_loss": -36.61377716064453, "losses/agent_1_alpha_loss": -2.542090260249097e-05, "temperature/agent_1_alpha": 0.008582421578466892}