{"training/timesteps": 5455872, "training/loop": 40, "evaluation/mean_return": 369.5179748535156, "evaluation/best_return": 447.27001953125, "evaluation/return_std": 2.1677541732788086, "losses/critic_loss": 0.04558468982577324, "losses/actor_loss_mean": -35.226600646972656, "losses/alpha_loss_mean": -6.130645942903357e-06, "temperature/alpha": 0.01405316311866045, "performance/timesteps_per_second": 6878.722441348454, "performance/loop_time": 19.05470108985901, "performance/total_time": 793.5573151111603, "training/replay_buffer_size": 1000000, "training/training_steps": 1595392, "_timestamp": 1754666415.1783645, "_runtime": 794.6180245876312, "_step": 122, "losses/agent_0_actor_loss": -35.22614669799805, "losses/agent_1_actor_loss": -35.22705841064453}