{"training/timesteps": 7946240, "training/loop": 59, "evaluation/mean_return": 659.3793334960938, "evaluation/best_return": 875.4044799804688, "evaluation/return_std": 8.569245338439941, "losses/critic_loss": 0.1258000135421753, "losses/actor_loss_mean": -41.43385314941406, "losses/alpha_loss_mean": -3.553930946509354e-05, "temperature/alpha": 0.01757555827498436, "performance/timesteps_per_second": 6890.083147578782, "performance/loop_time": 19.023282766342163, "performance/total_time": 1179.652114391327, "training/replay_buffer_size": 1000000, "training/training_steps": 2334720, "_timestamp": 1754750314.127616, "_runtime": 1182.3100769519806, "_step": 180, "losses/agent_0_actor_loss": -41.43433380126953, "losses/agent_1_actor_loss": -41.433380126953125, "final/best_return": 875.4044799804688, "final/total_time": 1179.652114391327, "final/final_return": 659.3793334960938, "_wandb": {"runtime": 1181}}