{"training/timesteps": 7946240, "training/loop": 59, "evaluation/mean_return": 755.8010864257812, "evaluation/best_return": 769.0564575195312, "evaluation/return_std": 36.25265121459961, "losses/critic_loss": 0.9547709226608276, "losses/actor_loss_mean": -41.24376678466797, "losses/alpha_loss": 7.058897608658299e-06, "temperature/alpha_mean": 0.000298206607112661, "performance/timesteps_per_second": 7299.230290039466, "performance/loop_time": 17.95696187019348, "performance/total_time": 1093.8660538196564, "training/replay_buffer_size": 1000000, "training/training_steps": 3932160, "_timestamp": 1754392696.7668655, "_runtime": 1094.982849597931, "_step": 180, "losses/agent_0_actor_loss": -41.245697021484375, "losses/agent_1_actor_loss": -41.24183654785156, "final/best_return": 769.0564575195312, "final/total_time": 1093.8660538196564, "final/final_return": 755.8010864257812, "_wandb": {"runtime": 1093}}