{"training/timesteps": 5586944, "training/loop": 83, "evaluation/mean_return": 765.4703979492188, "evaluation/best_return": 815.8427734375, "evaluation/return_std": 5.720788478851318, "losses/critic_loss": 0.3053877055644989, "losses/actor_loss_mean": -42.03093719482422, "losses/alpha_loss_mean": -6.36745426163543e-06, "temperature/alpha": 0.01905658096075058, "performance/timesteps_per_second": 3651.0249571398444, "performance/loop_time": 17.95002794265747, "performance/total_time": 1520.995683670044, "training/replay_buffer_size": 1000000, "training/training_steps": 5505024, "_timestamp": 1754479609.8197763, "_runtime": 1522.0796682834625, "_step": 251, "losses/agent_0_actor_loss": -42.03179931640625, "losses/agent_1_actor_loss": -42.03007507324219}