{"training/timesteps": 7946240, "training/loop": 59, "evaluation/mean_return": 355.7483825683594, "evaluation/best_return": 1053.6851806640625, "evaluation/return_std": 61.24722671508789, "losses/critic_loss": 1.1601741313934326, "losses/actor_loss_mean": -48.65557098388672, "losses/alpha_loss_mean": -0.0023684517946094275, "temperature/alpha_mean": 0.03158076852560043, "performance/timesteps_per_second": 7170.066116609618, "performance/loop_time": 18.280445098876953, "performance/total_time": 1122.1667499542236, "training/replay_buffer_size": 1000000, "training/training_steps": 2334720, "_timestamp": 1754301812.089991, "_runtime": 1124.8552479743958, "_step": 180, "losses/agent_0_actor_loss": -48.65507125854492, "losses/agent_0_alpha_loss": -0.0019347781781107187, "temperature/agent_0_alpha": 0.03408035635948181, "losses/agent_1_actor_loss": -48.656063079833984, "losses/agent_1_alpha_loss": -0.002802124945446849, "temperature/agent_1_alpha": 0.029081182554364204, "final/best_return": 1053.6851806640625, "final/total_time": 1122.1667499542236, "final/final_return": 355.7483825683594, "_wandb": {"runtime": 1123}}