{"training/timesteps": 1130496, "training/loop": 15, "evaluation/mean_return": 396.4239501953125, "evaluation/best_return": 417.7809143066406, "evaluation/return_std": 15.388421058654785, "losses/critic_loss": 0.4172181487083435, "losses/actor_loss_mean": -32.6893424987793, "losses/alpha_loss_mean": 3.076412758673541e-05, "temperature/alpha": 0.008670849725604057, "performance/timesteps_per_second": 3640.2551257693353, "performance/loop_time": 18.00313377380371, "performance/total_time": 304.60712361335754, "training/replay_buffer_size": 1000000, "training/training_steps": 1048576, "_timestamp": 1754478048.7811904, "_runtime": 305.7286913394928, "_step": 47, "losses/agent_0_actor_loss": -32.70332336425781, "losses/agent_1_actor_loss": -32.67536163330078}