{"training/timesteps": 344064, "training/loop": 1, "evaluation/mean_return": -14.763986587524414, "evaluation/best_return": -10.215470314025879, "evaluation/return_std": 2.1025195121765137, "losses/critic_loss": 6.601474061911587e+22, "losses/actor_loss_mean": 112832872448.0, "losses/alpha_loss_mean": 0.0, "temperature/alpha_mean": 0.20000003278255463, "performance/timesteps_per_second": 4197.700508235175, "performance/loop_time": 31.224714517593384, "performance/total_time": 72.81002068519592, "training/replay_buffer_size": 344064, "training/training_steps": 131072, "_timestamp": 1754380944.4520621, "_runtime": 73.8598701953888, "_step": 5, "losses/agent_0_actor_loss": 114662744064.0, "losses/agent_0_alpha_loss": 0.0, "temperature/agent_0_alpha": 0.20000003278255463, "losses/agent_1_actor_loss": 111002992640.0, "losses/agent_1_alpha_loss": 0.0, "temperature/agent_1_alpha": 0.20000003278255463}