{"error": "'log_std'", "_timestamp": 1754746849.711323, "_runtime": 45.389174938201904, "_step": 0, "_wandb": {"runtime": 44}}