{"training/timesteps": 7946240, "training/loop": 59, "evaluation/mean_return": 513.3312377929688, "evaluation/best_return": 986.0517578125, "evaluation/return_std": 2.0637145042419434, "losses/critic_loss": 0.21168109774589539, "losses/actor_loss_mean": -35.61259841918945, "losses/alpha_loss_mean": -4.852001802646555e-05, "temperature/alpha": 0.030580727383494377, "performance/timesteps_per_second": 7448.4129376514475, "performance/loop_time": 17.59730577468872, "performance/total_time": 1086.139480829239, "training/replay_buffer_size": 1000000, "training/training_steps": 2334720, "_timestamp": 1754489428.7661784, "_runtime": 1087.2342133522034, "_step": 180, "losses/agent_0_actor_loss": -35.607601165771484, "losses/agent_1_actor_loss": -35.617591857910156, "final/best_return": 986.0517578125, "final/total_time": 1086.139480829239, "final/final_return": 513.3312377929688, "_wandb": {"runtime": 1086}}