{"training/timesteps": 1523712, "training/loop": 10, "evaluation/mean_return": 368.6473083496094, "evaluation/best_return": 373.95037841796875, "evaluation/return_std": 1.9274733066558838, "losses/critic_loss": 0.1764325052499771, "losses/actor_loss_mean": -130.6840057373047, "losses/alpha_loss_mean": 0.0, "temperature/alpha_mean": 0.05000000447034836, "performance/timesteps_per_second": 5957.192214535452, "performance/loop_time": 22.00231170654297, "performance/total_time": 260.6555759906769, "training/replay_buffer_size": 1000000, "training/training_steps": 428032, "_timestamp": 1753783320.7784102, "_runtime": 262.85086607933044, "_step": 32, "losses/agent_0_actor_loss": -130.68572998046875, "losses/agent_0_alpha_loss": 0.0, "temperature/agent_0_alpha": 0.05000000447034836, "losses/agent_1_actor_loss": -130.68231201171875, "losses/agent_1_alpha_loss": 0.0, "temperature/agent_1_alpha": 0.05000000447034836}