{"training/timesteps": 868352, "training/loop": 5, "evaluation/mean_return": 400.8334655761719, "evaluation/best_return": 444.98419189453125, "evaluation/return_std": 10.166486740112305, "losses/critic_loss": 1.3518660068511963, "losses/actor_loss_mean": -30.026784896850586, "losses/alpha_loss_mean": -0.000506032956764102, "temperature/alpha_mean": 0.045337554067373276, "performance/timesteps_per_second": 7255.959440757344, "performance/loop_time": 18.064048051834106, "performance/total_time": 139.93578147888184, "training/replay_buffer_size": 868352, "training/training_steps": 233472, "_timestamp": 1754325530.0986443, "_runtime": 140.94837832450867, "_step": 17, "losses/agent_0_actor_loss": -30.026123046875, "losses/agent_0_alpha_loss": -0.0009877950651571155, "temperature/agent_0_alpha": 0.04778563976287842, "losses/agent_1_actor_loss": -30.02745246887207, "losses/agent_1_alpha_loss": -2.4270935682579875e-05, "temperature/agent_1_alpha": 0.042889468371868134}