{"training/timesteps": 3227648, "training/loop": 23, "evaluation/mean_return": 522.7041015625, "evaluation/best_return": 539.6849365234375, "evaluation/return_std": 2.1430070400238037, "losses/critic_loss": 0.06883841753005981, "losses/actor_loss_mean": -40.36563491821289, "losses/alpha_loss_mean": -3.8714588299626485e-06, "temperature/alpha_mean": 0.019425351172685623, "performance/timesteps_per_second": 8659.724256944053, "performance/loop_time": 15.135816812515259, "performance/total_time": 390.40554881095886, "training/replay_buffer_size": 1000000, "training/training_steps": 933888, "_timestamp": 1754334018.0717363, "_runtime": 391.3873813152313, "_step": 71, "losses/agent_0_actor_loss": -40.365631103515625, "losses/agent_0_alpha_loss": 1.8289727449882776e-05, "temperature/agent_0_alpha": 0.019694223999977112, "losses/agent_1_actor_loss": -40.365638732910156, "losses/agent_1_alpha_loss": -2.6032646928797476e-05, "temperature/agent_1_alpha": 0.019156476482748985}