{"training/timesteps": 7946240, "training/loop": 59, "evaluation/mean_return": 704.8590087890625, "evaluation/best_return": 762.0831298828125, "evaluation/return_std": 3.503171682357788, "losses/critic_loss": 0.2117919921875, "losses/actor_loss_mean": -40.43009948730469, "losses/alpha_loss_mean": 4.052738404425327e-06, "temperature/alpha": 0.008153810165822506, "performance/timesteps_per_second": 6858.299828398982, "performance/loop_time": 19.11144208908081, "performance/total_time": 1140.7898921966553, "training/replay_buffer_size": 1000000, "training/training_steps": 3932160, "_timestamp": 1754460289.091111, "_runtime": 1141.8383619785309, "_step": 180, "losses/agent_0_actor_loss": -40.428993225097656, "losses/agent_1_actor_loss": -40.43119812011719, "final/best_return": 762.0831298828125, "final/total_time": 1140.7898921966553, "final/final_return": 704.8590087890625, "_wandb": {"runtime": 1140}}