{"training/timesteps": 7421952, "training/loop": 55, "evaluation/mean_return": 657.9202270507812, "evaluation/best_return": 674.01806640625, "evaluation/return_std": 3.8795714378356934, "losses/critic_loss": 0.054516177624464035, "losses/actor_loss_mean": -43.77652359008789, "losses/alpha_loss_mean": -8.67224457579141e-07, "temperature/alpha": 0.0008575445972383022, "performance/timesteps_per_second": 6863.252190446661, "performance/loop_time": 19.097651720046997, "performance/total_time": 1087.852728843689, "training/replay_buffer_size": 1000000, "training/training_steps": 2179072, "agent/actor_std_mean": 0.18403367698192596, "_timestamp": 1754746743.932432, "_runtime": 1090.6232948303223, "_step": 167, "losses/agent_0_actor_loss": -43.776187896728516, "agent/agent_0_std": 0.2038191556930542, "losses/agent_1_actor_loss": -43.776859283447266, "agent/agent_1_std": 0.16424822807312012}