{"training/timesteps": 2441216, "training/loop": 17, "evaluation/mean_return": 336.1728210449219, "evaluation/best_return": 360.0445556640625, "evaluation/return_std": 1.641790747642517, "losses/critic_loss": 0.15570060908794403, "losses/actor_loss_mean": -29.408981323242188, "losses/alpha_loss_mean": -1.768267247825861e-05, "temperature/alpha": 0.004701663739979267, "performance/timesteps_per_second": 6838.969053491593, "performance/loop_time": 19.165461778640747, "performance/total_time": 377.139217376709, "training/replay_buffer_size": 1000000, "training/training_steps": 700416, "_timestamp": 1754673637.3859344, "_runtime": 378.1010844707489, "_step": 53, "losses/agent_0_actor_loss": -29.413408279418945, "losses/agent_1_actor_loss": -29.4045467376709}