{"training/timesteps": 5586944, "training/loop": 41, "evaluation/mean_return": 423.90576171875, "evaluation/best_return": 1064.7066650390625, "evaluation/return_std": 18.47240447998047, "losses/critic_loss": 1.3759697675704956, "losses/actor_loss_mean": -80.13363647460938, "losses/alpha_loss_mean": -0.0011212737299501896, "temperature/alpha": 0.07596614211797714, "performance/timesteps_per_second": 5856.532232270754, "performance/loop_time": 22.38047957420349, "performance/total_time": 968.4792244434357, "training/replay_buffer_size": 1000000, "training/training_steps": 1634304, "_timestamp": 1754790114.2366464, "_runtime": 971.0868754386902, "_step": 125, "losses/agent_0_actor_loss": -80.1355209350586, "losses/agent_1_actor_loss": -80.13174438476562}