{"training/timesteps": 7290880, "training/loop": 54, "evaluation/mean_return": 496.2425842285156, "evaluation/best_return": 569.3156127929688, "evaluation/return_std": 94.49824523925781, "losses/critic_loss": 0.9811301231384277, "losses/actor_loss_mean": -39.51526641845703, "losses/alpha_loss_mean": -4.08250380132813e-05, "temperature/alpha": 0.0007089875289238989, "performance/timesteps_per_second": 9481.797665803584, "performance/loop_time": 13.823539018630981, "performance/total_time": 787.6716175079346, "training/replay_buffer_size": 1000000, "training/training_steps": 2140160, "_timestamp": 1754739185.8911283, "_runtime": 790.1680781841278, "_step": 164, "losses/agent_0_actor_loss": -39.514076232910156, "losses/agent_1_actor_loss": -39.51645278930664}