{"training/timesteps": 606208, "training/loop": 3, "evaluation/mean_return": 330.7298278808594, "evaluation/best_return": 330.7298278808594, "evaluation/return_std": 1.3578848838806152, "losses/critic_loss": 1.8394477367401123, "losses/actor_loss_mean": -22.53384017944336, "losses/alpha_loss_mean": 0.00039536558324471116, "temperature/alpha": 0.021971367299556732, "performance/timesteps_per_second": 7502.918346947762, "performance/loop_time": 17.46946907043457, "performance/total_time": 89.89960408210754, "training/replay_buffer_size": 606208, "training/training_steps": 262144, "_timestamp": 1754465395.628396, "_runtime": 90.9568419456482, "_step": 11, "losses/agent_0_actor_loss": -22.52906036376953, "losses/agent_1_actor_loss": -22.538618087768555}