{"training/timesteps": 7159808, "training/loop": 53, "evaluation/mean_return": 443.8228454589844, "evaluation/best_return": 1019.4156494140625, "evaluation/return_std": 5.276345729827881, "losses/critic_loss": 2.0799341201782227, "losses/actor_loss_mean": -64.44424438476562, "losses/alpha_loss_mean": 0.00010602988913888112, "temperature/alpha": 0.04328668862581253, "performance/timesteps_per_second": 5840.487936537329, "performance/loop_time": 22.44196057319641, "performance/total_time": 1235.6467311382294, "training/replay_buffer_size": 1000000, "training/training_steps": 2101248, "_timestamp": 1754791398.708516, "_runtime": 1238.2943978309631, "_step": 161, "losses/agent_0_actor_loss": -64.44287872314453, "losses/agent_1_actor_loss": -64.44560241699219}