{"training/timesteps": 3751936, "training/loop": 27, "evaluation/mean_return": 573.8410034179688, "evaluation/best_return": 698.8103637695312, "evaluation/return_std": 7.000603675842285, "losses/critic_loss_mean": 0.269965261220932, "losses/actor_loss_mean": -39.266197204589844, "losses/alpha_loss_mean": -1.0354390724387486e-05, "temperature/alpha_mean": 0.016818374395370483, "performance/timesteps_per_second": 6479.608588493339, "performance/loop_time": 20.228382349014282, "performance/total_time": 597.6216371059418, "training/replay_buffer_size": 1000000, "training/training_steps": 1089536, "_timestamp": 1754452956.7436476, "_runtime": 598.6157066822052, "_step": 83, "agents/agent_0/actor_loss": -39.12619400024414, "agents/agent_0/critic_loss": 0.23682303726673126, "agents/agent_0/alpha_loss": -1.436183083569631e-05, "agents/agent_0/alpha": 0.016993986442685127, "agents/agent_1/actor_loss": -39.40619659423828, "agents/agent_1/critic_loss": 0.30310747027397156, "agents/agent_1/alpha_loss": -6.34695015833131e-06, "agents/agent_1/alpha": 0.01664276421070099}