{"training/timesteps": 7946240, "training/loop": 59, "evaluation/mean_return": 409.89501953125, "evaluation/best_return": 418.4810485839844, "evaluation/return_std": 2.169599771499634, "losses/critic_loss": 0.05304490774869919, "losses/actor_loss_mean": -36.303409576416016, "losses/alpha_loss_mean": -1.0284827567375032e-06, "temperature/alpha": 0.0003289576852694154, "performance/timesteps_per_second": 7053.941117927817, "performance/loop_time": 18.581385612487793, "performance/total_time": 1137.270896911621, "training/replay_buffer_size": 1000000, "training/training_steps": 2334720, "agent/actor_std_mean": 0.07145271450281143, "_timestamp": 1754710237.3667939, "_runtime": 1139.3021748065948, "_step": 180, "losses/agent_0_actor_loss": -36.3039436340332, "agent/agent_0_std": 0.06393700838088989, "losses/agent_1_actor_loss": -36.30287551879883, "agent/agent_1_std": 0.07896842062473297, "final/best_return": 418.4810485839844, "final/total_time": 1137.270896911621, "final/final_return": 409.89501953125, "_wandb": {"runtime": 1138}}