{"training/timesteps": 7946240, "training/loop": 59, "evaluation/mean_return": 731.214599609375, "evaluation/best_return": 894.7999267578125, "evaluation/return_std": 4.625466346740723, "losses/critic_loss_mean": 0.45574134588241577, "losses/actor_loss_mean": -43.22490310668945, "losses/alpha_loss_mean": 2.8595843559742207e-06, "temperature/alpha_mean": 0.0002656682627275586, "performance/timesteps_per_second": 7750.572533750196, "performance/loop_time": 16.911266803741455, "performance/total_time": 1034.6841900348663, "training/replay_buffer_size": 1000000, "training/training_steps": 2334720, "_timestamp": 1754415362.7818778, "_runtime": 1035.713535785675, "_step": 180, "agents/agent_0/actor_loss": -43.18223571777344, "agents/agent_0/critic_loss": 0.46157214045524597, "agents/agent_0/alpha_loss": 8.12338839750737e-06, "agents/agent_0/alpha": 0.0002640724997036159, "agents/agent_1/actor_loss": -43.26757049560547, "agents/agent_1/critic_loss": 0.44991058111190796, "agents/agent_1/alpha_loss": -2.404219685558928e-06, "agents/agent_1/alpha": 0.00026726399664767087, "final/best_return": 894.7999267578125, "final/total_time": 1034.6841900348663, "final/final_return": 731.214599609375, "_wandb": {"runtime": 1034}}