{"training/timesteps": 2703360, "training/loop": 19, "evaluation/mean_return": 1005.2986450195312, "evaluation/best_return": 1012.3236694335938, "evaluation/return_std": 0.26576337218284607, "losses/critic_loss": 6127.48291015625, "losses/actor_loss_mean": -9258.7119140625, "losses/alpha_loss_mean": 0.0, "temperature/alpha": 100.0, "performance/timesteps_per_second": 7289.256902332866, "performance/loop_time": 17.981531143188477, "performance/total_time": 376.91582584381104, "training/replay_buffer_size": 1000000, "training/training_steps": 778240, "_timestamp": 1754490142.352541, "_runtime": 377.9527859687805, "_step": 59, "losses/agent_0_actor_loss": -9258.427734375, "losses/agent_1_actor_loss": -9258.99609375}