{"training/timesteps": 868352, "training/loop": 5, "evaluation/mean_return": 384.183349609375, "evaluation/best_return": 384.183349609375, "evaluation/return_std": 1.5206130743026733, "losses/critic_loss": 0.7592501044273376, "losses/actor_loss_mean": -35.733829498291016, "losses/alpha_loss_mean": 0.0, "temperature/alpha_mean": 0.20000003278255463, "performance/timesteps_per_second": 5932.737421437385, "performance/loop_time": 22.093005418777466, "performance/total_time": 152.07197046279907, "training/replay_buffer_size": 868352, "training/training_steps": 393216, "_timestamp": 1754380820.2728543, "_runtime": 153.17528533935547, "_step": 17, "losses/agent_0_actor_loss": -35.73028564453125, "losses/agent_0_alpha_loss": 0.0, "temperature/agent_0_alpha": 0.20000003278255463, "losses/agent_1_actor_loss": -35.73737335205078, "losses/agent_1_alpha_loss": 0.0, "temperature/agent_1_alpha": 0.20000003278255463}