{"training/timesteps": 4014080, "training/loop": 29, "evaluation/mean_return": 435.3646545410156, "evaluation/best_return": 744.1190795898438, "evaluation/return_std": 7.058079719543457, "losses/critic_loss": 1.3944933414459229, "losses/actor_loss_mean": -73.0481185913086, "losses/alpha_loss_mean": -0.00015343142149504274, "temperature/alpha": 0.042665254324674606, "performance/timesteps_per_second": 5800.442269027565, "performance/loop_time": 22.5968976020813, "performance/total_time": 709.4543898105621, "training/replay_buffer_size": 1000000, "training/training_steps": 1167360, "_timestamp": 1754793682.1120517, "_runtime": 712.0619888305664, "_step": 89, "losses/agent_0_actor_loss": -73.04953002929688, "losses/agent_1_actor_loss": -73.04669952392578}