{"training/timesteps": 7946240, "training/loop": 59, "evaluation/mean_return": 788.6884155273438, "evaluation/best_return": 1161.8983154296875, "evaluation/return_std": 12.514983177185059, "losses/critic_loss": 2.2814486026763916, "losses/actor_loss_mean": -76.31681823730469, "losses/alpha_loss_mean": 5.45412658539135e-05, "temperature/alpha": 0.03567324951291084, "performance/timesteps_per_second": 5829.16969313391, "performance/loop_time": 22.485535144805908, "performance/total_time": 1379.101755619049, "training/replay_buffer_size": 1000000, "training/training_steps": 2334720, "_timestamp": 1754798279.3111327, "_runtime": 1381.634224653244, "_step": 180, "losses/agent_0_actor_loss": -76.32424926757812, "losses/agent_1_actor_loss": -76.30938720703125, "final/best_return": 1161.8983154296875, "final/total_time": 1379.101755619049, "final/final_return": 788.6884155273438, "_wandb": {"runtime": 1380}}