{"training/timesteps": 278528, "training/loop": 5, "evaluation/mean_return": 316.39495849609375, "evaluation/best_return": 326.3207702636719, "evaluation/return_std": 2.800670862197876, "losses/critic_loss_mean": 4.134425163269043, "losses/actor_loss_mean": -27.90091323852539, "losses/alpha_loss_mean": 4.249166158842854e-05, "temperature/alpha_mean": 9.055769623955712e-05, "performance/timesteps_per_second": 2231.7268378026424, "performance/loop_time": 14.682800531387329, "performance/total_time": 107.54613661766052, "training/replay_buffer_size": 278528, "training/training_steps": 196608, "_timestamp": 1754412522.4808116, "_runtime": 108.66688561439514, "_step": 17, "agents/agent_0/actor_loss": -26.458240509033203, "agents/agent_0/critic_loss": 4.2302632331848145, "agents/agent_0/alpha_loss": 5.2179511840222403e-05, "agents/agent_0/alpha": 8.268565579783171e-05, "agents/agent_1/actor_loss": -29.34358787536621, "agents/agent_1/critic_loss": 4.0385870933532715, "agents/agent_1/alpha_loss": 3.280381133663468e-05, "agents/agent_1/alpha": 9.842973668128252e-05}