{"training/timesteps": 1392640, "training/loop": 4, "evaluation/mean_return": 381.4236755371094, "evaluation/best_return": 381.4236755371094, "evaluation/return_std": 8.721412658691406, "losses/critic_loss_mean": 2.054772138595581, "losses/actor_loss_mean": -30.89729118347168, "losses/alpha_loss_mean": -1.829913799156202e-06, "temperature/alpha_mean": 0.0002635646378621459, "performance/timesteps_per_second": 9783.162198104439, "performance/loop_time": 26.7954261302948, "performance/total_time": 153.56919646263123, "training/replay_buffer_size": 1000000, "training/training_steps": 389120, "_timestamp": 1754413154.5156276, "_runtime": 154.63949465751648, "_step": 14, "agents/agent_0/actor_loss": -30.8162841796875, "agents/agent_0/critic_loss": 0.9608413577079773, "agents/agent_0/alpha_loss": -1.2061292181897443e-05, "agents/agent_0/alpha": 0.00016489655536133796, "agents/agent_1/actor_loss": -30.97829818725586, "agents/agent_1/critic_loss": 3.14870285987854, "agents/agent_1/alpha_loss": 8.401464583585039e-06, "agents/agent_1/alpha": 0.00036223273491486907}