{"training/timesteps": 7946240, "training/loop": 59, "evaluation/mean_return": 528.9791870117188, "evaluation/best_return": 997.427734375, "evaluation/return_std": 2.023790121078491, "losses/critic_loss": 0.6865232586860657, "losses/actor_loss_mean": -37.10126876831055, "losses/alpha_loss_mean": 7.59424938223674e-06, "temperature/alpha_mean": 0.021955370903015137, "performance/timesteps_per_second": 7172.460593052562, "performance/loop_time": 18.27434229850769, "performance/total_time": 1120.660870552063, "training/replay_buffer_size": 1000000, "training/training_steps": 2334720, "_timestamp": 1754298679.428547, "_runtime": 1123.108405828476, "_step": 180, "losses/agent_0_actor_loss": -37.10114288330078, "losses/agent_0_alpha_loss": 2.439381887597847e-06, "temperature/agent_0_alpha": 0.022326383739709854, "losses/agent_1_actor_loss": -37.10139465332031, "losses/agent_1_alpha_loss": 1.2749119377986062e-05, "temperature/agent_1_alpha": 0.02158435992896557, "final/best_return": 997.427734375, "final/total_time": 1120.660870552063, "final/final_return": 528.9791870117188, "_wandb": {"runtime": 1121}}