{"training/timesteps": 7946240, "training/loop": 59, "evaluation/mean_return": 765.1936645507812, "evaluation/best_return": 1594.4324951171875, "evaluation/return_std": 30.081308364868164, "losses/critic_loss": 10180.005859375, "losses/actor_loss_mean": -19.73495101928711, "losses/alpha_loss": 0.001790003152564168, "temperature/alpha_mean": 0.07526589184999466, "performance/timesteps_per_second": 7346.406326873366, "performance/loop_time": 17.8416485786438, "performance/total_time": 1086.8740911483765, "training/replay_buffer_size": 1000000, "training/training_steps": 3932160, "_timestamp": 1754401563.5003002, "_runtime": 1088.0656640529633, "_step": 180, "losses/agent_0_actor_loss": -19.72243881225586, "losses/agent_1_actor_loss": -19.74746322631836, "final/best_return": 1594.4324951171875, "final/total_time": 1086.8740911483765, "final/final_return": 765.1936645507812, "_wandb": {"runtime": 1086}}