{"training/timesteps": 1916928, "training/loop": 13, "evaluation/mean_return": 572.8003540039062, "evaluation/best_return": 762.404052734375, "evaluation/return_std": 7.2226409912109375, "losses/critic_loss": 0.6126983761787415, "losses/actor_loss_mean": -174.89813232421875, "losses/alpha_loss_mean": 7.348186500166776e-06, "temperature/alpha_mean": 0.0004824160423595458, "performance/timesteps_per_second": 5902.962569621607, "performance/loop_time": 22.20444369316101, "performance/total_time": 335.3648772239685, "training/replay_buffer_size": 1000000, "training/training_steps": 544768, "_timestamp": 1753702468.2930949, "_runtime": 336.3720359802246, "_step": 41, "losses/agent_0_actor_loss": -174.89739990234375, "losses/agent_0_alpha_loss": 1.2275298786335043e-06, "temperature/agent_0_alpha": 0.000532414938788861, "losses/agent_1_actor_loss": -174.89889526367188, "losses/agent_1_alpha_loss": 1.346884346276056e-05, "temperature/agent_1_alpha": 0.0004324170877225697}