{"training/timesteps": 212992, "training/loop": 0, "evaluation/mean_return": -15.458078384399414, "evaluation/best_return": -15.458078384399414, "evaluation/return_std": 2.2115883827209473, "losses/critic_loss": 322.5906677246094, "losses/actor_loss_mean": -126.1384506225586, "losses/alpha_loss_mean": 5.824674129486084, "temperature/alpha": 3.8213624954223633, "performance/timesteps_per_second": 3798.2839530297324, "performance/loop_time": 34.5082151889801, "performance/total_time": 34.50821805000305, "training/replay_buffer_size": 212992, "training/training_steps": 38912, "agent/actor_std_mean": 1.0864750146865845, "_timestamp": 1754703777.1387007, "_runtime": 35.72798562049866, "_step": 2, "losses/agent_0_actor_loss": -125.99884796142578, "agent/agent_0_std": 1.0579653978347778, "losses/agent_1_actor_loss": -126.278076171875, "agent/agent_1_std": 1.1149846315383911, "_wandb": {"runtime": 58}}