{"training/timesteps": 7946240, "training/loop": 59, "evaluation/mean_return": 999.5445556640625, "evaluation/best_return": 1011.0662231445312, "evaluation/return_std": 0.2753050923347473, "losses/critic_loss": 4.98356294631958, "losses/actor_loss_mean": -90.67706298828125, "losses/alpha_loss_mean": 0.0, "temperature/alpha_mean": 1.0, "performance/timesteps_per_second": 5104.104658412975, "performance/loop_time": 25.67972421646118, "performance/total_time": 1571.2425396442413, "training/replay_buffer_size": 1000000, "training/training_steps": 3932160, "_timestamp": 1754382813.7035706, "_runtime": 1572.3298275470734, "_step": 180, "losses/agent_0_actor_loss": -90.67765808105469, "losses/agent_0_alpha_loss": 0.0, "temperature/agent_0_alpha": 1.0, "losses/agent_1_actor_loss": -90.67646789550781, "losses/agent_1_alpha_loss": 0.0, "temperature/agent_1_alpha": 1.0, "final/best_return": 1011.0662231445312, "final/total_time": 1571.2425396442413, "final/final_return": 999.5445556640625, "_wandb": {"runtime": 1571}}