{"training/timesteps": 1523712, "training/loop": 10, "evaluation/mean_return": 325.2048034667969, "evaluation/best_return": 367.36077880859375, "evaluation/return_std": 2.125152111053467, "losses/critic_loss": 0.43451640009880066, "losses/actor_loss_mean": -28.8660945892334, "losses/alpha_loss_mean": 7.554167677881196e-05, "temperature/alpha": 0.022751620039343834, "performance/timesteps_per_second": 7046.754305546983, "performance/loop_time": 18.60033631324768, "performance/total_time": 224.55763030052185, "training/replay_buffer_size": 1000000, "training/training_steps": 428032, "agent/actor_std_mean": 0.6935853958129883, "_timestamp": 1754703339.1373048, "_runtime": 225.6357626914978, "_step": 32, "losses/agent_0_actor_loss": -28.863685607910156, "agent/agent_0_std": [0.6068817973136902, 0.708773672580719, 0.8600441813468933], "losses/agent_1_actor_loss": -28.868505477905273, "agent/agent_1_std": [0.7044550180435181, 0.6780512928962708, 0.6033064126968384]}