{"training/timesteps": 1654784, "training/loop": 11, "evaluation/mean_return": 338.3580017089844, "evaluation/best_return": 358.3486328125, "evaluation/return_std": 1.116852879524231, "losses/critic_loss_mean": 0.21446672081947327, "losses/actor_loss_mean": -31.59573745727539, "losses/alpha_loss_mean": 2.769091906884569e-07, "temperature/alpha_mean": 3.8493402826134115e-05, "performance/timesteps_per_second": 3051.487109450276, "performance/loop_time": 42.95348310470581, "performance/total_time": 536.3764300346375, "training/replay_buffer_size": 1000000, "training/training_steps": 1572864, "_timestamp": 1754450694.1249764, "_runtime": 537.4408195018768, "_step": 35, "agents/agent_0/actor_loss": -31.707752227783203, "agents/agent_0/critic_loss": 0.22178438305854797, "agents/agent_0/alpha_loss": 4.270506508419203e-07, "agents/agent_0/alpha": 4.11400651501026e-05, "agents/agent_1/actor_loss": -31.48372459411621, "agents/agent_1/critic_loss": 0.20714905858039856, "agents/agent_1/alpha_loss": 1.2676770211328403e-07, "agents/agent_1/alpha": 3.584674414014444e-05}