{"training/timesteps": 7946240, "training/loop": 59, "evaluation/mean_return": 290.15289306640625, "evaluation/best_return": 669.1849975585938, "evaluation/return_std": 286.4456787109375, "losses/critic_loss": 1.228389024734497, "losses/actor_loss_mean": -38.48967742919922, "losses/alpha_loss_mean": 6.34080424788408e-06, "temperature/alpha_mean": 0.05693002790212631, "performance/timesteps_per_second": 6095.241353627085, "performance/loop_time": 21.50398850440979, "performance/total_time": 1322.486277103424, "training/replay_buffer_size": 1000000, "training/training_steps": 3932160, "_timestamp": 1754351036.1177266, "_runtime": 1323.454166650772, "_step": 180, "losses/agent_0_actor_loss": -38.488426208496094, "losses/agent_0_alpha_loss": 6.9318717578426e-05, "temperature/agent_0_alpha": 0.06577347964048386, "losses/agent_1_actor_loss": -38.490928649902344, "losses/agent_1_alpha_loss": -5.663712363457307e-05, "temperature/agent_1_alpha": 0.04808657988905907, "final/best_return": 669.1849975585938, "final/total_time": 1322.486277103424, "final/final_return": 290.15289306640625, "_wandb": {"runtime": 1322}}