{"training/timesteps": 2310144, "training/loop": 16, "evaluation/mean_return": 409.6449279785156, "evaluation/best_return": 422.6178894042969, "evaluation/return_std": 1.3415533304214478, "losses/critic_loss": 0.5192785859107971, "losses/actor_loss_mean": -38.23371887207031, "losses/alpha_loss_mean": 3.5261350603832398e-06, "temperature/alpha": 2.51611400017282e-05, "performance/timesteps_per_second": 7377.476229419089, "performance/loop_time": 17.766509294509888, "performance/total_time": 325.4260766506195, "training/replay_buffer_size": 1000000, "training/training_steps": 661504, "_timestamp": 1754488125.2291167, "_runtime": 326.5368936061859, "_step": 50, "losses/agent_0_actor_loss": -38.22814178466797, "losses/agent_1_actor_loss": -38.23929214477539}