{"training/timesteps": 5455872, "training/loop": 40, "evaluation/mean_return": 1009.6689453125, "evaluation/best_return": 1014.3059692382812, "evaluation/return_std": 0.26284825801849365, "losses/critic_loss": 1.4129116535186768, "losses/actor_loss_mean": -448.4737854003906, "losses/alpha_loss_mean": 0.0, "temperature/alpha_mean": 1.0, "performance/timesteps_per_second": 5888.434859084308, "performance/loop_time": 22.259225606918335, "performance/total_time": 932.8692533969879, "training/replay_buffer_size": 1000000, "training/training_steps": 1595392, "_timestamp": 1753700193.1031702, "_runtime": 933.9445900917053, "_step": 122, "losses/agent_0_actor_loss": -448.4806213378906, "losses/agent_0_alpha_loss": 0.0, "temperature/agent_0_alpha": 1.0, "losses/agent_1_actor_loss": -448.4670104980469, "losses/agent_1_alpha_loss": 0.0, "temperature/agent_1_alpha": 1.0}