{"training/timesteps": 7946240, "training/loop": 59, "evaluation/mean_return": 653.0474853515625, "evaluation/best_return": 763.4983520507812, "evaluation/return_std": 2.015319585800171, "losses/critic_loss": 0.17876982688903809, "losses/actor_loss_mean": -40.659698486328125, "losses/alpha_loss_mean": 1.982276444323361e-05, "temperature/alpha": 0.015944471582770348, "performance/timesteps_per_second": 6841.2345496971575, "performance/loop_time": 19.159115076065063, "performance/total_time": 1216.453242301941, "training/replay_buffer_size": 1000000, "training/training_steps": 3932160, "_timestamp": 1754461939.6902301, "_runtime": 1217.5096461772919, "_step": 180, "losses/agent_0_actor_loss": -40.66064453125, "losses/agent_1_actor_loss": -40.658756256103516, "final/best_return": 763.4983520507812, "final/total_time": 1216.453242301941, "final/final_return": 653.0474853515625, "_wandb": {"runtime": 1216}}