{"training/timesteps": 7946240, "training/loop": 59, "evaluation/mean_return": 28.427692413330078, "evaluation/best_return": 1161.4329833984375, "evaluation/return_std": 4.384738922119141, "losses/critic_loss": 43.061912536621094, "losses/actor_loss_mean": -108.06645965576172, "losses/alpha_loss_mean": -0.022172491997480392, "temperature/alpha_mean": 0.169703409075737, "performance/timesteps_per_second": 3662.602298534953, "performance/loop_time": 35.786577224731445, "performance/total_time": 2188.3848810195923, "training/replay_buffer_size": 1000000, "training/training_steps": 2334720, "_timestamp": 1754333550.1028657, "_runtime": 2189.4282076358795, "_step": 180, "losses/agent_0_actor_loss": -108.0551528930664, "losses/agent_0_alpha_loss": -0.030857030302286148, "temperature/agent_0_alpha": 0.17713221907615662, "losses/agent_1_actor_loss": -108.07775115966797, "losses/agent_1_alpha_loss": -0.013487950898706913, "temperature/agent_1_alpha": 0.16227461397647858, "final/best_return": 1161.4329833984375, "final/total_time": 2188.3848810195923, "final/final_return": 28.427692413330078, "_wandb": {"runtime": 2188}}