{"training/timesteps": 1720320, "training/loop": 24, "evaluation/mean_return": 617.2894897460938, "evaluation/best_return": 617.2894897460938, "evaluation/return_std": 4.277030944824219, "losses/critic_loss_mean": 0.4311591386795044, "losses/actor_loss_mean": -40.39221954345703, "losses/alpha_loss_mean": 2.3926611447677715e-06, "temperature/alpha_mean": 0.00023235470871441066, "performance/timesteps_per_second": 2790.6742621476906, "performance/loop_time": 23.483930349349976, "performance/total_time": 608.2537567615509, "training/replay_buffer_size": 1000000, "training/training_steps": 1638400, "_timestamp": 1754446333.7058449, "_runtime": 609.4790449142456, "_step": 74, "agents/agent_0/actor_loss": -40.252899169921875, "agents/agent_0/critic_loss": 0.4333827793598175, "agents/agent_0/alpha_loss": 1.1264266504440457e-05, "agents/agent_0/alpha": 0.0002594573888927698, "agents/agent_1/actor_loss": -40.53154373168945, "agents/agent_1/critic_loss": 0.42893552780151367, "agents/agent_1/alpha_loss": -6.478944214904914e-06, "agents/agent_1/alpha": 0.0002052520285360515}