{"training/timesteps": 7946240, "training/loop": 59, "evaluation/mean_return": 279.5538635253906, "evaluation/best_return": 995.3369140625, "evaluation/return_std": 1.7563228607177734, "losses/critic_loss": 2.4152064323425293, "losses/actor_loss_mean": -36.10969924926758, "losses/alpha_loss_mean": 0.00021090079098939896, "temperature/alpha": 0.05451860651373863, "performance/timesteps_per_second": 6898.088324209006, "performance/loop_time": 19.001206398010254, "performance/total_time": 1160.290313243866, "training/replay_buffer_size": 1000000, "training/training_steps": 2334720, "_timestamp": 1754641063.5207822, "_runtime": 1161.304357290268, "_step": 180, "losses/agent_0_actor_loss": -36.10834503173828, "losses/agent_1_actor_loss": -36.111053466796875, "final/best_return": 995.3369140625, "final/total_time": 1160.290313243866, "final/final_return": 279.5538635253906, "_wandb": {"runtime": 1160}}